image_id,label_name,text_description,label
24050,Tshirts,Locomotive Men Printed Blue T-shirt,0
13967,Tshirts,Ed Hardy Men Printed Red Tshirts,0
4256,Tshirts,Inkfruit Men Grey Melange Printed T-shirt,0
50194,Tshirts,Gini and Jony Boys Black T-shirt,0
58372,Tshirts,Locomotive Men Beige T-shirt,0
4361,Tshirts,Free Authority Men's Melting Times Blue T-shirt,0
4319,Tshirts,Tantra Kid's Unisex Free Spirit Turquoise Kidswear,0
9961,Tshirts,Nike Men Medals Crew White T-Shirts,0
6724,Tshirts,Locomotive Men's Print Electric Supply Blue T-shirt,0
3110,Tshirts,Probase Men's Western Highway Black T-shirt,0
13966,Tshirts,Ed Hardy Men Solid White Tshirts,0
6272,Tshirts,UCB Men's Contrast Rib Grey T-shirt,0
7988,Tshirts,Fila Men's Round Neck Yellow Black T-shirt,0
22330,Tshirts,John Players Men Stripes White T-Shirt,0
37155,Tshirts,Campbell Men Pack of 3 T-shirt,0
29247,Tshirts,ADIDAS Men Lakers Yellow Jersey,0
8340,Tshirts,Doodle Boy's Volleyball Champion Black White Kidswear,0
53118,Tshirts,Myntra Women Pink T-shirt,0
4082,Tshirts,Inkfruit Men's Avast Ye Beige T-shirt,0
7012,Tshirts,Classic Polo Men's Green Polo With Grey Stripes T-shirt,0
12884,Tshirts,Spykar Men Helmet Grey T-Shirts,0
28844,Tshirts,Proline Men Charcoal T-shirt,0
2091,Tshirts,ADIDAS Mens ESS 3S Polo T-shirt,0
10993,Tshirts,Inkfruit Men Tea Kwon Do Grey Tshirts,0
3779,Tshirts,Status Quo Men's Black Polo T-shirt,0
33304,Tshirts,Gini and Jony Boys Pack of 2 T-shirts,0
2743,Tshirts,Classic Polo Men's White T-shirt,0
2847,Tshirts,Mr.Men Men's Is There More Love Purple T-shirt,0
10465,Tshirts,Flying Machine Men Paisley Purple Tshirts,0
7749,Tshirts,Indigo Nation Men Young Lords Purple T-shirt,0
51370,Tshirts,Spykar Men Black T-shirt,0
37532,Tshirts,Madagascar3 Infant Boys Light Blue T-Shirt,0
4209,Tshirts,Disney Kids Boy's Green Mickey On Skates Kidswear,0
2615,Tshirts,Nike Black Bleed Blue T-shirt,0
31102,Tshirts,Gini and jony Boys Printed Red T-shirt,0
6207,Tshirts,Lee Men's Sheild White T-shirt,0
7817,Tshirts,Proline Men Purple Striped Polo T-shirt,0
23973,Tshirts,Peter England Men Purple Printed T-shirt,0
4371,Tshirts,Mickey Men's Pluto Order Comic Charcoal T-shirt,0
3082,Tshirts,Probase Men's Cartoon Navy T-shirt,0
24275,Tshirts,Quiksilver Men Basic White T-shirt,0
28565,Tshirts,Nike Men Air Bags Blue T-shirt,0
9783,Tshirts,ADIDAS Men Bnce Hop White Tshirts,0
34410,Tshirts,Myntra Men Freak Show Black T-shirt,0
57424,Tshirts,Angry Birds Women Charcoal T-shirt,0
38605,Tshirts,Nike Men Yellow Eligible Athlete T-shirt,0
6551,Tshirts,Nike Men's Miler Singlet Blue T-shirt,0
2861,Tshirts,Inkfruit Men's I am Hooked Green T-shirt,0
32768,Tshirts,Music Men Printed Grey T-shirt,0
42394,Tshirts,Flying Machine Women Purple T-shirt,0
2092,Tshirts,ADIDAS Mens Polo Blue Polo T-shirt,0
23627,Tshirts,Beatles Men White Printed T-Shirt,0
40974,Tshirts,Gini and Jony Boys United Green T-shirt,0
33935,Tshirts,ADIDAS Men Polo Turquoise Blue T-Shirt,0
13438,Tshirts,United Colors of Benetton Men Solid Blue Polo T-shirts,0
31586,Tshirts,Mark Taylor Men Printed Yellow T-shirt,0
44834,Tshirts,Puma Men Black Training T-shirt,0
4315,Tshirts,Tantra Kid's Unisex Harappa Choco Brown Kidswear,0
34399,Tshirts,Myntra Men Global Response Black T-shirt,0
15933,Tshirts,Regent Polo Club Men Solid Blue Tshirt,0
35880,Tshirts,Jungle Book Boys Royal White T-shirt,0
11356,Tshirts,United Colors Of Benetton Women Light Winter Peach Peach T-Shirt,0
2054,Tshirts,Lee Men's Stone T-shirt,0
4402,Tshirts,Billy Idol Men's Faceless Black T-shirt,0
5442,Tshirts,Nike Women's Striped Polo Blue T-shirt,0
41752,Tshirts,Doodle Boys Printed Yellow T-shirt,0
29157,Tshirts,United Colors of Benetton Boys Hopeland Pink T-shirt,0
44904,Tshirts,Puma Men Navy Blue & White Graphic T-shirt,0
9974,Tshirts,Nike Men Black Polo Tshirts,0
7291,Tshirts,Mickey Men's Donald Salute Star Brown T-shirt,0
24841,Tshirts,Wildcraft Women Yellow Printed T-shirt,0
19397,Tshirts,ADIDAS Men Solid Blue T-Shirt,0
31148,Tshirts,Gini and Jony Boys Printed White T-shirt,0
4359,Tshirts,Free Authority Men's Melting Records Black T-shirt,0
23638,Tshirts,DC Comics Men Green T-shirt,0
13429,Tshirts,United Colors of Benetton Men Printed Maroon Tshirts,0
38152,Tshirts,Wildcraft Women White T-shirt,0
6063,Tshirts,UCB Men's Roundneck Take Good Look White T-shirt,0
27445,Tshirts,Jockey Women Coffee Brown T-shirt,0
2484,Tshirts,Puma Women Spagetti White Top,0
24029,Tshirts,Locomotive Men Grey Printed T-shirt,0
3060,Tshirts,Tantra Men's Imagine Beige T-shirt,0
34314,Tshirts,Myntra Men Orange Urban T-shirt,0
25504,Tshirts,Doodle Kids Boys Soccer Blue T-Shirt,0
14729,Tshirts,Ed Hardy Men Don.Ed White Tshirts,0
40057,Tshirts,ADIDAS Men Blue Printed T-shirt,0
2307,Tshirts,Nike Women Purple Polo T-shirt,0
26479,Tshirts,Puma Men Ferrari Black Polo T-shirt,0
11363,Tshirts,United Colors of Benetton Men Solid Black Tshirt,0
38494,Tshirts,Gini and Jony Boys United Green T-shirt,0
24911,Tshirts,United Colors of Benetton Kids Boys Grey Printed T-shirt,0
19581,Tshirts,United Colors of Benetton Men Printed White Tshirt,0
1762,Tshirts,Lotto Women Cathy Blue T-shirt,0
27444,Tshirts,Jockey Women Black T-shirt,0
26246,Tshirts,Proline Men Green Polo Tshirt,0
40153,Tshirts,Gini and Jony Boys Surfs Up Black T-shirt,0
26261,Tshirts,Proline Men Beige Polo Tshirt,0
40267,Tshirts,Scullers Men Striped White T-shirt,0
4780,Tshirts,ADIDAS Women's Balance Pink T-shirt,0
3769,Tshirts,Status Quo Men's Blue Polo T-shirt,0
3991,Tshirts,Mr.Men Men's Wave Rider White T-shirt,0
11778,Tshirts,Lee Men Solid Grey Tshirts,0
29019,Tshirts,ADIDAS Men Color Block Navy Blue T-shirt,0
7006,Tshirts,s.Oliver Men's Sound Rebels Black T-shirt,0
39003,Tshirts,Gini and Jony Boys Unit White T-shirt,0
3863,Tshirts,Wrangler Men's Authentic Embro Olive T-shirt,0
14727,Tshirts,Ed Hardy Men Tiger Print Blue Tshirts,0
16913,Tshirts,Mr. Men Men Printed Grey Tshirt,0
10374,Tshirts,United Colors of Benetton Women Solid Green T-shirt,0
36312,Tshirts,Mr. Men Boys Mr. Rude Navy Blue T-shirt,0
36001,Tshirts,Ben 10 Boys Crew Orange T-shirt,0
17497,Tshirts,Classic Polo Men Stripes Grey Polo T-Shirt,0
8275,Tshirts,Mr.Men Men's Coral Red T-shirt,0
3713,Tshirts,Lee Men Green Polo T-shirt,0
2243,Tshirts,ADIDAS Men Stripe Polo White Polo T-shirt,0
16191,Tshirts,Puma Men Graphic White TShirt,0
7450,Tshirts,Proline Men Cream Striped Polo T-shirt,0
46385,Tshirts,ADIDAS Men Green Printed T-shirt,0
8290,Tshirts,Mr.Men Men's Navy Melange T-shirt,0
14101,Tshirts,Flying Machine Men Printed White Tshirts,0
11008,Tshirts,Inkfruit Women Behind Cream Tshirts,0
3845,Tshirts,Wrangler Men's Wild Horse Brown T-shirt,0
3364,Tshirts,Myntra Men's Brain Blue T-shirt,0
8207,Tshirts,Locomotive Men Solid Langworth Red T-Shirts,0
2680,Tshirts,Inkfruit Men's Indian Rule Blue T-shirt,0
2265,Tshirts,Nike Womens NIKE MILER SS TOP T-shirt,0
12847,Tshirts,Ant Kids Boys National Champion Black Tshirts,0
7847,Tshirts,Proline Men Black Round Neck T-shirt,0
30144,Tshirts,Flying Machine Women Printed Black T-shirt,0
5827,Tshirts,ADIDAS Men's Prt Grey T-shirt,0
4251,Tshirts,Probase Men's Crack Print Ghost Buster Grey T-shirt,0
17257,Tshirts,U.S. Polo Assn. Men Printed Black Tshirt,0
19612,Tshirts,United Colors of Benetton Women Solid Blue Tshirt,0
3120,Tshirts,Probase Men's Freestyler Turquoise T-shirt,0
2340,Tshirts,Reebok Men Plum Shiamak Purple T-shirt,0
19789,Tshirts,U.S. Polo Assn. Men Solid Orange Tshirt,0
2062,Tshirts,Lee Mens  T-shirt,0
5506,Tshirts,Nike Women's Yellow Casual T-shirt,0
38645,Tshirts,Nike Men White Jdi City T-Shirt,0
31236,Tshirts,Puma Men Graphic White T-shirt,0
11024,Tshirts,Wrangler Women Purple T-shirt,0
24269,Tshirts,Quiksilver Men Grey Printed T-shirt,0
25921,Tshirts,Femella Women Lime Green T-shirt,0
38637,Tshirts,Nike Men Red Delhi T-shirt,0
5886,Tshirts,Puma Men's Slogan Black T-shirt,0
32464,Tshirts,ADIDAS Men Graphic Black T-shirt,0
19999,Tshirts,United Colors of Benetton Men Solid Black TShirt,0
19110,Tshirts,Campbell Men Pack of 3 Solid Tshirts,0
28928,Tshirts,Mr. Men Printed Charcoal T-shirt,0
34100,Tshirts,Doodle Boys Printed Blue T-shirt,0
38803,Tshirts,Marvel Men Blue Printed T-shirt,0
36737,Tshirts,Spykar Women Cult Green T-shirt,0
7801,Tshirts,Proline Men Navy Polo T-shirt,0
30302,Tshirts,Myntra Men Evil Minds Off White T-shirt,0
7837,Tshirts,Proline Men Purple T-shirt,0
3519,Tshirts,Myntra Men's I have Multiple Personalities White T-shirt,0
5153,Tshirts,Wrangler Women's Side Paisley White T-shirt,0
58734,Tshirts,PUMA Men Red Printed T-shirt,0
9778,Tshirts,ADIDAS Men  White Polo Tshirts,0
4042,Tshirts,Rajasthan Royals Kids Authentic Replica Cricket Jersey,0
14922,Tshirts,Mr. Men Men Sleep Placid Blue Tshirts,0
29352,Tshirts,Probase Men Navy Blue Printed T-shirt,0
33206,Tshirts,Sepia Women Printed Green T-shirt,0
34403,Tshirts,Myntra Men Back To The 70s Black T-shirt,0
2683,Tshirts,Inkfruit Men's Red And Black T-shirt,0
53774,Tshirts,Puma Men White T-shirt,0
52148,Tshirts,Femella Women Red Polo T-Shirt,0
7004,Tshirts,s.Oliver Men's What Up Cracker Blue T-shirt,0
3792,Tshirts,Basics Men Navy & White Striped Polo T-shirt,0
9827,Tshirts,Little Miss Women Printed White T-shirt,0
51473,Tshirts,Denizen Men Red Printed T-shirt,0
5100,Tshirts,Wrangler Men's Cowboy Color Yellow T-shirt,0
2974,Tshirts,Puma Women's Heroes Green T-shirt,0
33310,Tshirts,Jack & Jones Men White & Green Polo T-shirt,0
10377,Tshirts,United Colors of Benetton Men Printed White Tshirts,0
10840,Tshirts,Wrangler Men Green Polo T-shirt,0
7954,Tshirts,Puma Men's Knit Polo Mazarine Blue Polo T-shirt,0
10499,Tshirts,Flying Machine Women Aspen Yellow Tshirts,0
22631,Tshirts,Nike Women Printed Pink T-shirt,0
7447,Tshirts,Proline Men Orange Polo T-shirt,0
23179,Tshirts,Mark Taylor Men Yellow Printed T-shirt,0
17613,Tshirts,Doodle Boys Catch Me Red Tshirt,0
31273,Tshirts,Puma Men Calonge Graphic Green T-shirt,0
43085,Tshirts,Nike Women Yellow Polo Neck T-shirt,0
11406,Tshirts,United Colors Of Benetton Men Light Winter Blue T-Shirts,0
5097,Tshirts,Wrangler Men's Hand Of Quality White T-shirt,0
38586,Tshirts,Nike Women Pink Crew T-shirt,0
48257,Tshirts,The Amazing Spiderman Boys Red T-shirt,0
3529,Tshirts,Myntra Men's Ear Plugs Navy Blue T-shirt,0
3073,Tshirts,Tantra Women's Cut Crap Chocolate T-shirt,0
6572,Tshirts,Nike Men's Challenger Logo Black T-shirt,0
10822,Tshirts,Wrangler Men Navy Blue Polo Tshirts,0
9984,Tshirts,Nike Men As Value Runn Green T-Shirts,0
1814,Tshirts,Solognac Men Chocolate Brown  T-shirt,0
22611,Tshirts,Nike Men Green Jersey,0
4203,Tshirts,Disney Kids Boy's Blue Regatta Annual Competition Kidswear,0
37272,Tshirts,Tantra Men Black Angry Anna T-shirt,0
4391,Tshirts,Free Authority Men's Bikes Grey Violet T-shirt,0
9556,Tshirts,Nike Men Asem Cricket Swoosh Black T-Shirts,0
26471,Tshirts,Puma Men Classic Graphic  Navy Blue T-shirt,0
17513,Tshirts,Classic Polo Men Stripes Black Polo T-Shirt,0
3778,Tshirts,Status Quo Men's Green Polo T-shirt,0
3706,Tshirts,Classic Polo Men's Grey Red & Brown Stripe T-shirt,0
39067,Tshirts,Arrow Sport Men Green T-shirt,0
54940,Tshirts,Do u speak green Women Burgundy T-shirt,0
7784,Tshirts,Proline Men Black Polo T-shirt,0
3520,Tshirts,Myntra Men's Reaching The Moon Black T-shirt,0
32438,Tshirts,ADIDAS Men Tank Blue T-shirt,0
18631,Tshirts,Puma Men GP Speed Navy Blue Tshirts,0
2047,Tshirts,ADIDAS Men's Navy Blue T-shirt,0
4208,Tshirts,Disney Kids Boy's Red Geo Team Kidswear,0
3044,Tshirts,Tantra Men's Freddie Blue T-shirt,0
4190,Tshirts,Disney Kids Boy's Yellow Little Friends Kidswear,0
10690,Tshirts,Doodle Boy Mummy daddy me Yellow Tshirts,0
2041,Tshirts,ADIDAS Mens Fire Grey T-shirt,0
24042,Tshirts,Locomotive Men Printed Black T-shirt,0
18931,Tshirts,Levi's Men Graphic Print Blue Tshirt,0
6996,Tshirts,Classic Polo Men's State Athletic Brown T-shirt,0
15200,Tshirts,Arrow Sport Men Stripes Yellow Polo Tshirts,0
4864,Tshirts,ADIDAS Men Real Madrid White Jersey,0
40138,Tshirts,Gini and Jony Boys Under The Sun Yellow T-shirt,0
4843,Tshirts,Sher Singh Women's Black Polo T-shirt,0
22796,Tshirts,Manchester United Men Green Tshirt,0
33955,Tshirts,ADIDAS Men Polo White T-shirt,0
3285,Tshirts,Guerrilla Men's Move It Move On Green T-shirt,0
43498,Tshirts,French Connection Men Grey Melange T-shirt,0
12629,Tshirts,Probase Men Printed Red Tshirts,0
4313,Tshirts,Tantra Kid's Unisex Elephant Pink Kidswear,0
3945,Tshirts,Jealous 21 Women's White Little Mousie T-shirt,0
37984,Tshirts,Classic Polo Men Black & White T-Shirt,0
7441,Tshirts,Proline Men Grey Striped T-shirt,0
26263,Tshirts,Proline Men Blue Polo T-Shirt,0
26497,Tshirts,Puma Men Drips White T-shirt,0
15475,Tshirts,Puma Men Logo Blue Tshirts,0
43503,Tshirts,French Connection Men Green T-shirt,0
15000,Tshirts,ADIDAS Men Solid White Tshirts,0
16320,Tshirts,Peter England Men Printed Green TShirt,0
2343,Tshirts,Reebok Men Basil Green & Blue Polo T-shirt,0
38595,Tshirts,Nike Women Printed Scoop Lavender T-shirt,0
7127,Tshirts,Urban Yoga Men's Orange T-shirt,0
5884,Tshirts,Puma Women Classic Black Top,0
22367,Tshirts,Ed Hardy Men Vintage  Brick Red T-Shirt,0
18847,Tshirts,Puma Men College  Athletic White  Tshirt,0
2984,Tshirts,Puma Men's Power Cat Graphic Red T-shirt,0
11997,Tshirts,Classic Polo Men Stripes Green Tshirts,0
44883,Tshirts,Puma Men Grey Striped Polo T-shirt,0
27392,Tshirts,2go Active Gear USA Men Pack Of 3 T-shirt,0
19400,Tshirts,ADIDAS Men Navy Blue T-shirt,0
2154,Tshirts,Basics Men Red & Grey Polo T-shirt,0
12634,Tshirts,Probase Men Printed Maroon Tshirts,0
58730,Tshirts,Puma Women Green T-shirt,0
48073,Tshirts,French Connection Men Grey T-shirt,0
48450,Tshirts,French Connection Men Grey T-shirt,0
6610,Tshirts,Spykar Men's Stinger Basket Ball Team White Blue Stripes T-shirt,0
53782,Tshirts,Puma Men Navy Blue T-shirt,0
38641,Tshirts,Nike Men Red Bangalore Polo T-shirt,0
5489,Tshirts,Mr.Men Men's Grumpy Purple T-shirt,0
2348,Tshirts,Reebok Men Basketball Blue T-shirt,0
14062,Tshirts,Flying Machine Men Stripes Grey Polo Tshirts,0
3868,Tshirts,Wrangler Men's Cowboy Photo White T-shirt,0
14312,Tshirts,ADIDAS Men Solid Green Jerseys,0
17848,Tshirts,Flying Machine Women Mind Your White Tshirt,0
5834,Tshirts,Puma Men's Pop Graphic White T-shirt,0
13707,Tshirts,Proline Mens Solid Red Polo Tshirt,0
48081,Tshirts,French Connection Men Red T-shirt,0
15342,Tshirts,Nike Women Printed Pink Tshirts,0
40985,Tshirts,Gini and Jony Boys United White T-shirt,0
9539,Tshirts,Nike Men Asss Crusier Graphic Blue T-Shirts,0
8206,Tshirts,Locomotive Men Solid Langston Brown T-Shirts,0
3530,Tshirts,Myntra Men's Turn Me On Black T-shirt,0
20192,Tshirts,Wrangler Men Polo White T-shirt,0
10372,Tshirts,United Colors of Benetton Men Printed Beige Tshirts,0
18861,Tshirts,Puma Men Grafitti Red Polo Tshirt,0
5122,Tshirts,Wrangler Women's Striped Peach T-shirt,0
3129,Tshirts,Inkfruit Men's Ahimsa Grey T-shirt,0
7268,Tshirts,Batman Men's Dripping Turq Blue T-shirt,0
19153,Tshirts,United Colors of Benetton Men Red Polo TShirt,0
16314,Tshirts,Peter England Men Printed Purple TShirt,0
7925,Tshirts,Proline Men Navy Polo T-shirt,0
16634,Tshirts,Facit Men Smart Green Tshirt,0
13500,Tshirts,Chimp Men VVVIP Grey T-shirts,0
13892,Tshirts,Nike Men Team India Special Edition Three Star Blue Jersey,0
13497,Tshirts,Chimp Men Rajni Blue Tshirts,0
38151,Tshirts,Wildcraft Men Black T Poly Crew T-shirt,0
9558,Tshirts,Nike Men Black Black Tshirts,0
33586,Tshirts,Wrangler Men Timeless Lifestyle Purple T-shirt,0
52072,Tshirts,Myntra Men Blue T-shirt,0
4237,Tshirts,Probase Men's Big Sound Red Tshirt,0
2153,Tshirts,Basics Men Blue & Yellow Polo T-shirt,0
3016,Tshirts,Lee Men's Bottle Grey T-shirt,0
30330,Tshirts,Myntra Men Under Medicated Black T-shirt,0
3935,Tshirts,Jealous 21 Women's Yellow Miss T-shirt,0
29246,Tshirts,ADIDAS Men Orlando Blue Jersey,0
15001,Tshirts,ADIDAS Men Stripes Navy Blue Polo Tshirts,0
4205,Tshirts,Disney Kids Boy's Red Mickey Since 1928 Tee Kidswear,0
17234,Tshirts,U.S. Polo Assn. Men  Golden Haze Polo  Tshirt,0
6220,Tshirts,Lee Men's Believe Burnt Orange T-shirt,0
37544,Tshirts,Madagascar3 Infant Boys Light Blue T-Shirt,0
3260,Tshirts,Guerrilla Men's Heroes Needed White T-shirt,0
1889,Tshirts,Fifa Men Essentials Navy Blue T-shirt,0
10565,Tshirts,Puma Men Heritage Black Polo Tshirts,0
44867,Tshirts,Puma Men Green Graphic Story T-shirt,0
6022,Tshirts,UCB Men's Johny Collar With Two Tone Black T-shirt,0
37719,Tshirts,John Players Men Polo Blue T-shirt,0
15606,Tshirts,Nike Men Training Grey Tshirts,0
23873,Tshirts,ADIDAS Men Blue T-shirt,0
2324,Tshirts,Reebok Men Sleeveless Black T-shirt,0
12928,Tshirts,Classic Polo Men Rugby Kingdom Blue Tshirts,0
5094,Tshirts,Wrangler Men's Reverse Print Brown T-shirt,0
38492,Tshirts,Gini and Jony Boys Core Yellow T-shirt,0
52053,Tshirts,Myntra Men Black T-shirt,0
19992,Tshirts,United Colors of Benetton Men Printed White TShirt,0
31465,Tshirts,Nike Men Training Blue T-shirt,0
8606,Tshirts,Scullers Men Red Polo T-Shirts,0
43696,Tshirts,Doodle Boys Printed Yellow T-shirt,0
53307,Tshirts,Locomotive Men White T-shirt,0
44857,Tshirts,Puma Men Black T-shirt,0
34260,Tshirts,Gini and Jony Boys Printed Red T-shirt,0
16290,Tshirts,Peter England Men Stripes Yellow Polo T-Shirt,0
9989,Tshirts,Nike Men As Ss Cruiser Black T-Shirts,0
11736,Tshirts,Lee Men Stripes Maroon T-shirt,0
17940,Tshirts,Puma Men Heroes T7 Green Tshirt,0
7947,Tshirts,Puma Men's Graphic White Navy T-shirt,0
58459,Tshirts,Madagascar 3 Boys Navy Blue T-shirt,0
5427,Tshirts,Ant Kids Boy's Red Cartoon Pop Kidswear,0
28518,Tshirts,Nike Men Training Navy Blue T-shirt,0
14097,Tshirts,Flying Machine Men Blue Polo Tshirts,0
5486,Tshirts,Ant Kids Boy's Whats Up Navy Kidswear,0
34170,Tshirts,Gini and Jony Boys Printed Blue T-shirt,0
44893,Tshirts,Puma Men Grey Honeycomb Polo T-shirt,0
19784,Tshirts,U.S. Polo Assn. Men Solid Green Tshirt,0
40135,Tshirts,Gini and Jony Boys Aviator White T-shirt,0
18238,Tshirts,Manchester United Men Printed White Tshirt,0
10882,Tshirts,Wrangler Men Blue American Photo Print T-shirt,0
6985,Tshirts,s.Oliver Men's Denim Dstrct White T-shirt,0
4191,Tshirts,Disney Kids Boy's Green Little Friends Kidswear,0
2267,Tshirts,Nike Pink Women T-shirt,0
32954,Tshirts,Angry Birds Men Printed Black T-shirt,0
1886,Tshirts,FIFA Mens Red Card Grey T-shirt,0
40067,Tshirts,ADIDAS Men Yellow T-shirt,0
8268,Tshirts,Mr.Men Men's Charcoal White T-shirt,0
19614,Tshirts,United Colors of Benetton Women White T-shirt,0
24054,Tshirts,Locomotive Men Printed Blue T-shirt,0
2973,Tshirts,Puma Men's Heroes Yellow T-shirt,0
6543,Tshirts,Nike Men's Training Black White T-shirt,0
10376,Tshirts,United Colors of Benetton Men Printed Blue Tshirts,0
5492,Tshirts,Mr.Men Men's Cool Indigo T-shirt,0
4891,Tshirts,Levis Kids Girl's Diaz Pink Polo Tshirt,0
17266,Tshirts,U.S. Polo Assn. Men Stripes Green  polo Tshirt,0
10024,Tshirts,Nike Women As Make Yours Black T-Shirts,0
7355,Tshirts,Tantra Men's Black Sabbath Navy T-shirt,0
19424,Tshirts,Quiksilver Men Printed Green T-shirt,0
5446,Tshirts,Nike Men's Training Blue T-shirt,0
28619,Tshirts,Nike Men Team Reversible White T-shirt,0
2601,Tshirts,ADIDAS Men's Red Stripe T-shirt,0
3874,Tshirts,Wrangler Men's Trademark Washed Blue T-shirt,0
4720,Tshirts,Disney Kids Girl's Fun In The Fair Yellow Teen Kidswear,0
3416,Tshirts,Myntra Mens Broken Guitar T-shirt,0
22227,Tshirts,Little Miss Women Sunshine Pink T-shirt,0
17262,Tshirts,U.S. Polo Assn. Men Stripes Dk.Grey Polo Tshirt,0
32638,Tshirts,Nike Men Epaulet UV Crew Blue T-shirt,0
3777,Tshirts,Status Quo Men's Fushia Polo T-shirt,0
6105,Tshirts,UCB Women's Basic V Neck White T-shirt,0
48400,Tshirts,French Connection Men White T-shirt,0
3207,Tshirts,Tantra Women's Tiger Black T-shirt,0
17936,Tshirts,Puma Men Ferrari Logo Tee II Black Tshirt,0
19753,Tshirts,Levi's Men Solid Red Tshirt,0
21224,Tshirts,Basics Men Brown Printed T-shirt,0
3045,Tshirts,Tantra Men's Tiger Black T-shirt,0
5202,Tshirts,Marvel Men's Hulk Big Face Light Green T-shirt,0
2025,Tshirts,ADIDAS Mens Full Grey T-shirt,0
34382,Tshirts,Myntra Men Red Banana T-shirt,0
11735,Tshirts,Lee Men Stripes Blue T-shirt,0
19798,Tshirts,U.S. Polo Assn. Men Striped Grey T-shirt,0
33948,Tshirts,ADIDAS Men Blue Polo T-shirt,0
35877,Tshirts,Marvel Boys Comics Yellow T-shirt,0
52076,Tshirts,Myntra Men Grey T-shirt,0
44894,Tshirts,Puma Men Red T-shirts,0
33143,Tshirts,Gini and Jony Boys Pack of 2 T-shirts,0
6197,Tshirts,UCB Men's Logo Chest Green T-shirt,0
12643,Tshirts,Probase Men Solid Black  Polo T-shirts,0
4759,Tshirts,ADIDAS Men's Star Polo Lead Blue T-shirt,0
3445,Tshirts,Pune Warriors Womens Match Jersey,0
16424,Tshirts,Levi's Men Printed Blue  Tshirts,0
5660,Tshirts,Tantra Men Absolut Bangalore Navy Blue T-shirt,0
5500,Tshirts,Mr.Men Men's Mr.Perfect White T-shirt,0
3317,Tshirts,CSK Mens Fangear Polo Jersey,0
26938,Tshirts,Jealous 21 Women Black Printed T-shirt,0
3442,Tshirts,Delhi Daredevils Kids Match Jersey,0
48418,Tshirts,French Connection Men Charcoal Printed T-shirt,0
36248,Tshirts,Mr. Men Green Get Funny T-shirt,0
10364,Tshirts,United Colors of Benetton Men Solid Magenta T-shirt,0
4387,Tshirts,Batman Men's Affliction Grey Violet T-shirt,0
12546,Tshirts,Tantra Women Blue Printed T-shirt,0
34374,Tshirts,Myntra Men Orange Burps T-shirt,0
34019,Tshirts,Palm Tree Boys Printed Black T-shirt,0
1612,Tshirts,Reebok Orange & White Striped Polo T-shirt,0
30314,Tshirts,Myntra Men Heavy Weight Red T-shirt,0
53788,Tshirts,Puma Men Blue T-shirt,0
4353,Tshirts,Superman Men's Superman Shield Desi Dark Grey T-shirt,0
10458,Tshirts,Flying Machine Men Green Polo Tshirts,0
35875,Tshirts,Marvel Boys Comics Blue T-shirt,0
15174,Tshirts,Arrow Men Yellow Polo T-shirt,0
13151,Tshirts,Puma Men Jersey Blue Polo Tshirts,0
5818,Tshirts,ADIDAS Men's Plugs White T-shirt,0
18924,Tshirts,Levi's Men Applique Work Red Tshirt,0
2972,Tshirts,Puma Men's Sless White T-shirt,0
10062,Tshirts,Puma Men Puma runhard tee Grey Tshirts,0
7573,Tshirts,Nike Men's As Race Day Green T-shirt,0
35893,Tshirts,Jungle Book Boys Safari White T-shirt,0
7763,Tshirts,Inkfruit Men's Secret Behing Royal Blue Black T-shirt,0
53798,Tshirts,Puma Men Black T-shirt,0
41967,Tshirts,Gini and Jony Boys United White T-shirt,0
15604,Tshirts,Nike Men Bsktbll Black T-Shirts,0
8338,Tshirts,Doodle Boy's 77 Juniors League White Black Kidswear,0
3783,Tshirts,Status Quo Men's Beach White T-shirt,0
31361,Tshirts,Locomotive Men Printed Grey T-shirt,0
10048,Tshirts,Puma Men Social Sport Black Tshirts,0
26936,Tshirts,Jealous 21 Women Printed White Top,0
6099,Tshirts,UCB Men's Lost Dog Print Blue T-shirt,0
24949,Tshirts,United Colors of Benetton Women Peach T-shirt,0
7357,Tshirts,Tantra Men Beige T-shirt,0
38346,Tshirts,Superman Boys Blue T-Shirt,0
24149,Tshirts,ADIDAS Men Blue T-shirt,0
5828,Tshirts,Puma Men's Edition Blue T-shirt,0
53313,Tshirts,Locomotive Men Navy Blue T-shirt,0
9951,Tshirts,Disney Kids Girl Blue Minnie Blue T-shirt,0
28488,Tshirts,Urban Yoga Men Printed Blue T-shirt,0
4253,Tshirts,Probase Men's Crack Print Ghost Buster Brown T-shirt,0
3042,Tshirts,Nike Blue Take Down Cricket Tshirts,0
58742,Tshirts,Puma Men Mushroom Brown T-shirt,0
22222,Tshirts,Little Miss Women Magic White T-shirt,0
16631,Tshirts,Facit Men Smart  Charcoal Tshirt,0
11257,Tshirts,Puma Men cover Black Tshirts,0
3785,Tshirts,Basics Men Black & Green Striped Polo T-shirt,0
36004,Tshirts,Ben 10 Boys Crew Yellow T-shirt,0
12584,Tshirts,Tantra Unisex Printed Green Tshirts,0
13891,Tshirts,Nike Men Team India Blue Jersey,0
12539,Tshirts,Tantra Women Black Printed T-shirt,0
1540,Tshirts,Puma Men Ferrari Vintage Black Polo T-shirt,0
11278,Tshirts,Wrangler Men Celebrate Indigo Green Tshirts,0
59306,Tshirts,U.S. Polo Assn. Men White T-shirt,0
28671,Tshirts,Proline Men Blue Printed T-shirt,0
25923,Tshirts,Femella Women Pink T-shirt,0
43504,Tshirts,French Connection Men Black Tshirt,0
7027,Tshirts,Classic Polo Men's Combo Pack of 2 White Grey T-shirt,0
25556,Tshirts,Wrangler Men Biker Pink T-shirt,0
2786,Tshirts,Ediots Men's Mehenat Ka Fal White T-shirt,0
19564,Tshirts,United Colors of Benetton Men Green Polo Tshirt,0
15191,Tshirts,Arrow Sport Men Stripes Purple Polo Tshirts,0
5016,Tshirts,Inkfruit Men's Bad Man Blue T-Shirt,0
2329,Tshirts,Reebok Men Force India Grey T-shirt,0
10063,Tshirts,Puma Men spine tee Yellow Tshirts,0
26282,Tshirts,Proline Men Cream-Coloured Printed T-shirt,0
40120,Tshirts,ADIDAS Women Green T-shirt,0
29061,Tshirts,ADIDAS Women Printed White T-shirt,0
31281,Tshirts,Puma Men Printed Grey T-shirt,0
28509,Tshirts,Nike Men Training Purple T-shirt,0
30597,Tshirts,Nike Men Reversible Red T-shirt,0
3880,Tshirts,Wrangler Men's Burnt Out Grey T-shirt,0
48245,Tshirts,Avengers Boys Black Printed T-shirt,0
32654,Tshirts,Nike Women Sphere Red T-shirt,0
6587,Tshirts,Inkfruit Men's Rock The Cure Black T-shirt,0
27644,Tshirts,Che Guevara Men Printed Green T-shirt,0
4329,Tshirts,Tantra Kid's Unisex Feeding Me Orange Kidswear,0
23162,Tshirts,Mark Taylor Men Navy Blue Printed T-shirt,0
4400,Tshirts,Beatles Men's Groove Light Blue T-shirt,0
34102,Tshirts,Doodle Boys Printed Pink T-shirt,0
9941,Tshirts,Probase Men 96 Coast Road Green Tshirts,0
37720,Tshirts,John Players Men Polo Grey T-shirt,0
3279,Tshirts,Guerrilla Men's Vintage Grey T-shirt,0
3524,Tshirts,Myntra Men's Work Hard/ Smart Black T-shirt,0
16833,Tshirts,Little Miss Women Printed Blue Tshirt,0
7658,Tshirts,Puma Men's Toe Crusher Club Purple T-shirt,0
6164,Tshirts,Lee Men's Stallion Red Jasper T-shirt,0
7766,Tshirts,Inkfruit Men's Phalanx Brown Light Green T-shirt,0
5172,Tshirts,Inkfruit Women's Innocence Carrot Orange T-shirt,0
10439,Tshirts,Flying Machine Men Walnut Brown Tshirts,0
5748,Tshirts,Probase Men's Ability Will You Get Turquoise T-shirt,0
5741,Tshirts,Basics Men Navy & White Striped Hooded T-shirt,0
4968,Tshirts,Gini and Jony Boy's Kaffle Yellow Infant Kidswear,0
33590,Tshirts,Wrangler Men Urban Folk Polo Navy Blue T-shirt,0
10452,Tshirts,Flying Machine Men HS Grey Tshirts,0
7269,Tshirts,Superman Men Printed Blue T-shirt,0
6990,Tshirts,s.Oliver Men's Mint Polo Grey Stripes Blue T-shirt,0
28507,Tshirts,Nike Men Training Black T-shirt,0
18619,Tshirts,Puma Men Team Essential Polo White Tshirts,0
16912,Tshirts,Mr. Men Men Printed Green Tshirt,0
10030,Tshirts,Nike Women As See The Win Black T-Shirts,0
9956,Tshirts,Nike Men Manu Train Blue Tshirts,0
12836,Tshirts,Ant Kids Tennis Green T-Shirt,0
38618,Tshirts,Nike Men White 3D Neon Tee T-shirt,0
11656,Tshirts,Lee Women Printed Red Tshirts,0
26274,Tshirts,Proline Men Teal Blue T-shirt,0
12846,Tshirts,Ant Kids Boys Rock Grey Tshirts,0
43328,Tshirts,United Colors of Benetton Women Black T-shirt,0
16215,Tshirts,Puma Men Polo Red TShirt,0
10065,Tshirts,Puma Men ducati logo tee Yellow Tshirts,0
14061,Tshirts,Flying Machine Men Printed Purple Tshirts,0
2788,Tshirts,Ediots Men's Chronological Status Yellow T-shirt,0
8859,Shirts,Mark Taylor Men White Striped Shirt,1
18889,Shirts,Arrow Woman Sylvia Blue Shirt,1
8181,Shirts,Locomotive Men Check Ladislav Purple Shirts,1
5960,Shirts,Highlander Men Solid Poplin Purple Shirts,1
13734,Shirts,Belmonte Men Check Blue Shirts,1
33246,Shirts,Arrow Men Lavender Unstainable Slim Fit Shirt,1
8851,Shirts,Mark Taylor Men Brown Striped Shirt,1
9624,Shirts,Indigo Nation Men Plain Light Blue Shirts,1
46396,Shirts,ADIDAS Men Blue & Black Check Shirt,1
59834,Shirts,United Colors of Benetton Men Navy Blue Shirt,1
8148,Shirts,Highlander Men Blue Checked Haddon Slim Fit Shirt,1
29184,Shirts,United Colors of Benetton Men Blue Shirt,1
9655,Shirts,Indigo Nation Men Bling Blue Shirts,1
5128,Shirts,Wrangler Women Rose Bouquet White Orange Shirt,1
51430,Shirts,Myntra Men Navy Blue & Orange Check Shirt,1
26401,Shirts,Turtle Men Check Red Shirt,1
5107,Shirts,Wrangler Women Holly Checks Shirt,1
9654,Shirts,Indigo Nation Men Bling  Blue Shirt,1
13853,Shirts,Indigo Nation Men Check Purple Shirts,1
12367,Shirts,Reid & Taylor Men White Shirt,1
15993,Shirts,Turtle Check Men Blue Checked ReversibleShirt,1
14772,Shirts,Arrow Men Stripes Green Slim Fit Shirt,1
9667,Shirts,Indigo Nation Men Bling Red Black Shirts,1
31093,Shirts,Gini and Jony Boys White Shirt,1
11387,Shirts,United Colors of Benetton Men Light Winter Blue Shirts,1
24285,Shirts,Quiksilver Men Grey Shirt,1
17725,Shirts,Reid & Taylor Men Solid Maroon Shirt,1
20155,Shirts,Wrangler Men Establish  Purple Shirt,1
41660,Shirts,Mark Taylor Men Blue Striped Shirt,1
11708,Shirts,Lee Men Check Green Shirts,1
24858,Shirts,Mark Taylor Men White Striped Shirt,1
9498,Shirts,John Miller Men Pink white black check Pink Shirts,1
9246,Shirts,Mark Taylor Men Blue Striped Shirt,1
19831,Shirts,U.S. Polo Assn. Men Check Black Shirt,1
12271,Shirts,Genesis Men Stripes Blue Shirts,1
32393,Shirts,Arrow Woman Blue Shirt,1
9071,Shirts,Mark Taylor Men Solid White Shirts,1
33235,Shirts,Arrow Men Blue Check Shirt,1
26113,Shirts,John Miller Men Check Purple Shirt,1
26056,Shirts,John Miller Men Check Black Shirt,1
8190,Shirts,Locomotive Men Solid Poplin Lakota Black Shirts,1
29291,Shirts,Wrangler Men Striped Green Shirt,1
29280,Shirts,Wrangler Men Western Spirit Red Shirt,1
12025,Shirts,Mark Taylor Men White & Blue Striped Shirt,1
7167,Shirts,Scullers Men Scul Purple White Shirt,1
58809,Shirts,Highlander Men White Striped Shirt,1
43304,Shirts,United Colors of Benetton Women White Shirt,1
22356,Shirts,John Players Men Solid White Shirt,1
26045,Shirts,John Miller Men Purple Shirt,1
11079,Shirts,Scullers Men Check Green Shirts,1
51417,Shirts,Myntra Men Blue Shirt,1
16541,Shirts,Basics Men Black Slim Fit Checked Shirt,1
12011,Shirts,Mark Taylor Men Purple Striped Shirts,1
12017,Shirts,Mark Taylor Men Purple White Striped Shirts,1
59833,Shirts,United Colors of Benetton Men Green Shirt,1
37794,Shirts,John Players Men Stripes Brown Shirt,1
6772,Shirts,Timberland Men Claremont Popl Green Shirt,1
33492,Shirts,Doodle Kids Boy Check Blue Shirt,1
33249,Shirts,Arrow Men Blue Striped Shirt,1
17719,Shirts,Reid & Taylor Men Check White Shirt,1
41586,Shirts,Basics Men White Striped Shirt,1
22354,Shirts,John Players Men Stripes Grey Shirt,1
9455,Shirts,John Miller Men Red Striped Shirt,1
9662,Shirts,Indigo Nation Men Reversible Bling Blue Shirts,1
5987,Shirts,Highlander Men Black Striped Slim Fit Shirt,1
24524,Shirts,Mother Earth Men Black Shirt,1
9469,Shirts,John Miller Men White Shirt,1
18305,Shirts,Wills Lifestyle Men Striped Pink Shirt,1
6611,Shirts,Spykar Men Stripes Navy Blue Shirt,1
53211,Shirts,Mark Taylor Men Blue Shirt,1
27856,Shirts,Scullers For Her Check Red Shirt,1
41605,Shirts,Basics Men Grey Shirt,1
12357,Shirts,Reid & Taylor Men Check Blue Shirts,1
10794,Shirts,Wrangler Men Warnick Square Block Navy Blue Shirts,1
19201,Shirts,United Colors of Benetton Men Check Black Shirt,1
59301,Shirts,U.S. Polo Assn. Denim Co. Men Olive Shirt,1
27153,Shirts,Mark Taylor Men Striped Green Shirt,1
22576,Shirts,Highlander Men Purple Check Shirt,1
23196,Shirts,Highlander Men Green Check Shirt,1
27871,Shirts,Scullers For Her Striped White Shirt,1
15967,Shirts,Turtle Check Men Red Shirt,1
26800,Shirts,Arrow Men Grey Shirt,1
15693,Shirts,Black coffee Men Micheal Blue Slim Fit Shirt,1
8728,Shirts,Indigo Nation Men Checks Purple Shirts,1
27892,Shirts,Scullers For Her Black Striped Shirt,1
40129,Shirts,Gini and Jony BoysCore Navy Blue Shirt,1
26367,Shirts,Arrow Woman Lavender Shirt,1
9262,Shirts,Mark Taylor Men Blue Striped Shirt,1
17169,Shirts,U.S. Polo Assn. Men Checks Maroon Shirt,1
51423,Shirts,Myntra Men Orange Check Shirt,1
26390,Shirts,Turtle Men Check Purple Shirt,1
9659,Shirts,Indigo Nation Men Reversible Bling Blue Shirts,1
21118,Shirts,s.Oliver Men Check Olive Shirt,1
27542,Shirts,Scullers Men Check Black Shirt,1
29277,Shirts,Wrangler Women Salena Blue Shirt,1
51426,Shirts,Myntra Men Red Check Shirt,1
10814,Shirts,Wrangler Men Easter Bright Amslar Purple Shirt,1
23207,Shirts,Highlander Men Blue Check Shirt,1
14785,Shirts,Arrow Men Stripes Navy Blue Shirts,1
29696,Shirts,John Miller Men Striped Purple Shirt,1
57110,Shirts,Elle Women Blue Shirt,1
26063,Shirts,John Miller Men Striped Blue Shirt,1
12245,Shirts,Genesis Maroon Formal Shirt,1
37785,Shirts,John Players Men Gingham Blue Shirt,1
7168,Shirts,Scullers Men Scul Blue White Shirt,1
9072,Shirts,Mark Taylor Men Solid White Shirts,1
20131,Shirts,Wrangler Women Double Red Shirt,1
19692,Shirts,United Colors of Benetton Men Solid Black Shirt,1
20024,Shirts,United Colors of Benetton Men Check Red Shirt,1
9639,Shirts,Indigo Nation Men Checks Blue Shirts,1
11676,Shirts,Lee Men Check Blue Shirts,1
8788,Shirts,Indigo Nation Men Price catch Red White Shirts,1
17546,Shirts,Mark Taylor Men Pink & White Striped Shirt,1
9236,Shirts,Mark Taylor Men Brown Striped Shirt,1
9260,Shirts,Mark Taylor Men Blue Striped Shirt,1
16045,Shirts,Highlander Men Check White Shirt,1
14053,Shirts,Flying Machine Men Check  Blue Shirts,1
22800,Shirts,Locomotive Men Blue Check Shirt,1
18974,Shirts,United Colors of Benetton Men Stripes Blue Shirt,1
31640,Shirts,Indigo Nation Men Check Blue Shirt,1
37143,Shirts,Wills Lifestyle Men Blue Gingham Shirt,1
13867,Shirts,Scullers Men Check Red Shirts,1
30228,Shirts,John Miller Men Striped Black Shirt,1
27887,Shirts,Scullers For Her White Check Shirt,1
13752,Shirts,Belmonte Men Check Blue Shirts,1
48361,Shirts,French Connection Men Blue Shirt,1
27566,Shirts,Scullers Men Striped Blue Shirt,1
51401,Shirts,Myntra Men Blue and Yellow Check Shirt,1
57296,Shirts,French Connection Men White Checks Shirt,1
18749,Shirts,Arrow Woman Hallie Red Shirt,1
12942,Shirts,Basics Men Blue Slim Fit Striped Shirt,1
9590,Shirts,Indigo Nation Men cotton White Shirts,1
13487,Shirts,Spykar Men Stripes Blue Shirts,1
10807,Shirts,Wrangler Men Stampede Printed Stripe Black Shirts,1
8862,Shirts,Mark Taylor Men Green Striped Shirt,1
19204,Shirts,United Colors of Benetton Men Check Green Shirt,1
41661,Shirts,Mark Taylor Men Blue Striped Shirt,1
13743,Shirts,Belmonte Men Check Black Shirts,1
27874,Shirts,Scullers For Her Striped Black Shirt,1
16032,Shirts,Highlander Men Check Grey Shirt,1
19703,Shirts,United Colors of Benetton Men Stripes Black Shirt,1
10813,Shirts,Wrangler Men Dirt Rider Check Black Shirts,1
12471,Shirts,Basics Men White Slim Fit Shirt,1
11697,Shirts,Lee Men Check Blue Shirts,1
8791,Shirts,Indigo Nation Men Price catch Blue White Shirts,1
15968,Shirts,Turtle Check Men Black Shirt,1
12180,Shirts,Basics Men White Slim Fit Checked Shirt,1
13940,Shirts,United Colors of Benetton Men Check Grey Shirt,1
4974,Shirts,Gini and Jony Boy's Kangaroo Yellow Infant Kidswear,1
17571,Shirts,Mark Taylor Men Blue & White Striped Shirt,1
8586,Shirts,Scullers Men Red Shirt,1
9634,Shirts,Indigo Nation Men Price catch Black White Shirts,1
22395,Shirts,Mark Taylor Men Striped Blue Shirt,1
51400,Shirts,Myntra Men Yellow Shirt,1
30794,Shirts,Fabindia Men Printed White Shirt,1
26065,Shirts,John Miller Men Check Black Shirt,1
27866,Shirts,Scullers For Her Striped Purple Shirt,1
26958,Shirts,Jealous 21 Women Teal Shirt,1
2050,Shirts,Lee Men Essential Black Shirt,1
33553,Shirts,Wrangler Men Exeter Check Green Shirt,1
17168,Shirts,U.S. Polo Assn. Men Checks Mustard Shirt,1
26087,Shirts,John Miller Men Check Purple Shirt,1
27862,Shirts,Scullers For Her Women Check Navy Blue Shirt,1
8472,Shirts,Scullers For Her Women Wow Woven Navy Blue Tops,1
51403,Shirts,Myntra Men Blue and White Check Shirt,1
8871,Shirts,Mark Taylor Men Blue Striped Shirt,1
20164,Shirts,Wrangler Men Easter Navy Blue Shirt,1
38823,Shirts,Latin Quarters Women Navy Blue Shirt,1
14526,Shirts,Mark Taylor Men Aqua Blue & White Grey Striped Shirt,1
14786,Shirts,Arrow Men Solid Purple Shirts,1
15090,Shirts,Mother Earth Men Check White Shirts,1
13459,Shirts,United Colors of Benetton Men Check Blue Shirts,1
9454,Shirts,John Miller Men White Check Shirt,1
26114,Shirts,John Miller Men Purple Shirt,1
17193,Shirts,U.S. Polo Assn. Men Stripes Navy Blue Shirt,1
56770,Shirts,Horsefly Men Grey & Blue Striped Shirt,1
12952,Shirts,Basics Men Blue Slim Fit Checked Shirt,1
9064,Shirts,Mark Taylor Men Blue Striped Shirt,1
58765,Shirts,Locomotive Men Beige Shirt,1
12304,Shirts,Genesis Men Stripes Red Shirts,1
9881,Shirts,Indigo Nation Men Club Poplin Black Shirts,1
27148,Shirts,Mark Taylor Men Striped Grey Shirt,1
13320,Shirts,Gini and Jony Kids Boys Stripes Pink Shirts,1
33239,Shirts,Arrow Men Black Striped Slim Fit Shirt,1
9594,Shirts,Scullers Men Scul Red White Shirts,1
23037,Shirts,Arrow Men Black Striped Shirt,1
27534,Shirts,Scullers Men Check Blue Shirt,1
29639,Shirts,Indigo Nation Men White Shirt,1
12731,Shirts,Timberland Men Check Green Shirts,1
6320,Shirts,UCB Men Small Checks Yellow Shirt,1
46353,Shirts,Locomotive Men Blue Striped Shirt,1
34038,Shirts,Gini and Jony Boys Check Red Shirt,1
29279,Shirts,Wrangler Men Blue Aaron Check Shirt,1
13051,Shirts,Spykar Men Check Blue Shirts,1
9658,Shirts,Indigo Nation Men Reversible Bling Maroon Shirt,1
51488,Shirts,Denizen Men Rust & Black Check Shirt,1
59305,Shirts,U.S. Polo Assn. Denim Co. Men Red & Navy Blue Shirt,1
4972,Shirts,Gini and Jony Boy's Kangaroo Green White Kidswear,1
26797,Shirts,Arrow Men Grey Striped Shirt,1
13661,Shirts,Genesis Men Thick Black Stripe Shirt,1
29278,Shirts,Wrangler Men Aaron Check Blue Shirt,1
11632,Shirts,United Colors of Benetton Men Black Striped Shirt,1
16039,Shirts,Highlander Men Check Green Shirt,1
31100,Shirts,Gini and Jony Boys Check Navy Blue Shirt,1
16924,Shirts,Spykar Men Check Brown Shirts,1
18317,Shirts,Wills Lifestyle Men Check Maroon Shirt,1
19181,Shirts,United Colors of Benetton Men Red Check Shirt,1
6015,Shirts,Highlander Men Small Black Checked Shirt,1
31091,Shirts,Gini and Jony Boys White Shirt,1
39780,Shirts,Peter England Men Yellow Casual Shirts,1
9621,Shirts,Indigo Nation Men Checks Blue Shirts,1
31649,Shirts,Indigo Nation Men Striped Blue Shirt,1
27558,Shirts,Scullers Men Lavender Shirt,1
16042,Shirts,Highlander Men Check Red Shirt,1
37804,Shirts,John Players Men Navy Blue Linen Shirt,1
13417,Shirts,United Colors of Benetton Men Solid Blue Shirts,1
7145,Shirts,Scullers For Her Women Light Work Navy Blue Shirts,1
19702,Shirts,United Colors Of Benetton Men Striped Blue Shirts,1
26088,Shirts,John Miller Men Striped Purple Shirt,1
37736,Shirts,John Players Men Check Blue Shirt,1
2125,Shirts,Lee Women White Shirt,1
30806,Shirts,Fabindia Men Check Brown Shirt,1
9256,Shirts,Mark Taylor Men Blue Striped Shirt,1
32395,Shirts,Arrow Woman Grey Shirt,1
12023,Shirts,Mark Taylor Men White Striped Shirt,1
37723,Shirts,John Players Men Stripes Blue Shirt,1
9424,Shirts,John Miller Men Purple Fila-Fil Purple Shirts,1
14716,Shirts,Indigo Nation Men Formal Shirt White Shirts,1
36590,Shirts,Provogue Men Eternity Red Shirt,1
33241,Shirts,Arrow Men Blue Striped Shirt,1
9653,Shirts,Indigo Nation Men Bling Purple Shirts,1
29669,Shirts,Indigo Nation Men Printed White Shirt,1
5147,Shirts,Wrangler Women Ditsy Polka Red Shirt,1
10480,Shirts,Flying Machine Men SS Yellow Shirts,1
26112,Shirts,John Miller Men Striped Purple Shirt,1
25006,Shirts,United Colors of Benetton Men Black Shirt,1
57285,Shirts,French Connection Men Blue Shirt,1
17750,Shirts,Highlander Men Stripes Navy Blue Shirt,1
23666,Shirts,Spykar Men Red Check Shirt,1
34028,Shirts,Gini and Jony Boys Check White & Black Shirt,1
9478,Shirts,John Miller Men Black & White Check Shirt,1
32762,Shirts,John Miller Men Check Blue Shirt,1
47662,Shirts,Femella Women Multi Coloured Floral Print Shirt,1
7143,Shirts,Scullers For Her Women Light Work Blue Shirts,1
58395,Shirts,Locomotive Men Purple Shirt,1
18760,Shirts,Arrow Woman Aiyanna Grey Shirt,1
13283,Shirts,Gini and Jony Kids Boys Check Blue Shirts,1
13217,Shirts,Palm Tree Kids Boys Solid White Shirts,1
26411,Shirts,Turtle Men Check Red Shirt,1
23180,Shirts,Black Coffee Men White Check Slim Fit Shirt,1
16340,Shirts,Peter England Men Stripes Maroon Shirt,1
32505,Shirts,Scullers Men Black Shirt,1
9462,Shirts,John Miller Men White Check Shirt,1
8152,Shirts,Highlander Men Blue Checked Hagan Slim Fit Shirt,1
8854,Shirts,Mark Taylor Men Blue Striped Shirt,1
2100,Shirts,Lee Men Checks Brown Shirt,1
37749,Shirts,John Players Men Check Red Shirt,1
13758,Shirts,Belmonte Men Check Green Shirts,1
57128,Shirts,Elle Women Grey Retro Top,1
12350,Shirts,Reid & Taylor Men Pink Striped Shirt,1
13745,Shirts,Belmonte Men Solid Blue Shirts,1
8719,Shirts,Indigo Nation Men Stripes Shirt Purple Shirts,1
26402,Shirts,Turtle Men Check Purple Shirt,1
17176,Shirts,U.S. Polo Assn. Men Checks Green Shirt,1
11113,Shirts,Indigo Nation Men Check White Shirt,1
24069,Shirts,Locomotive Men Checked Black Shirt,1
19825,Shirts,U.S. Polo Assn. Men Check Green Shirt,1
18324,Shirts,Wills Lifestyle Men Check Navy Blue Shirt,1
20029,Shirts,United Colors of Benetton Men Solid Grey Shirt,1
8734,Shirts,Indigo Nation Men Striped Shirt,1
14712,Shirts,Genesis Off-White Formal Shirt,1
26116,Shirts,John Miller Men Striped Blue Shirt,1
15970,Shirts,Turtle Check Men Navy Blue Shirt,1
13852,Shirts,Indigo Nation Men Check Blue Shirts,1
19699,Shirts,United Colors of Benetton Men White Shirt,1
26048,Shirts,John Miller Men Grey Shirt,1
53783,Shirts,Puma Men Navy Blue Shirt,1
8829,Shirts,Spykar Men Ranger Purple-Black Stripe White Shirts,1
34050,Shirts,Gini and Jony Boys Maroon Shirt,1
7177,Shirts,Scullers Men Blue Check Shirt,1
8812,Shirts,Spykar Men Ranger Green Bl Checks Green Shirts,1
12361,Shirts,Reid & Taylor Men Solid Blue Shirts,1
12368,Shirts,Reid & Taylor Men Stripes Blue Shirts,1
24562,Shirts,Lee Men Rubin Blue Shirt,1
6789,Shirts,Timberland Men Meriden White Check Shirt,1
12939,Shirts,Basics Men Black Slim Fit Checked Shirt,1
34098,Shirts,Doodle Boys Check Multi Coloured Shirt,1
41304,Shirts,Gini and Jony Boys White Check Shirt,1
19827,Shirts,U.S. Polo Assn. Men Check Red Shirt,1
41599,Shirts,Basics Men Blue Shirt,1
6004,Shirts,Highlander Men Blue Bold Green Checked Shirt,1
26369,Shirts,Arrow Woman Blue Shirt,1
29640,Shirts,Indigo Nation Men Black Shirt,1
12659,Shirts,Probase Men Stripes White Shirts,1
11053,Shirts,Scullers Men Check Blue Shirts,1
12376,Shirts,Reid & Taylor Men Check White Shirts,1
5974,Shirts,Locomotive Men Green Black White Checked Shirt,1
34035,Shirts,Gini and Jony Boys Check Navy Blue Shirt,1
29648,Shirts,Indigo Nation Men Grey Striped Shirt,1
16033,Shirts,Highlander Men Check Red Shirt,1
17172,Shirts,U.S. Polo Assn. Men Checks Blue Shirt,1
8889,Shirts,John Miller Men Black Shirt,1
8899,Shirts,Indigo Nation Men Bling Red Shirts,1
27210,Shirts,Doodle Kids Boy Check Green Shirt,1
38974,Shirts,Arrow New York Men Black Check Slim Fit Shirt,1
27532,Shirts,Scullers Men Check Blue Shirt,1
12177,Shirts,Basics Men Blue Slim Fit Shirt,1
31023,Shirts,Arrow New York Men Grey Check Slim Fit Shirt,1
41960,Shirts,Gini and Jony Boys Authentic Red Shirt,1
19177,Shirts,United Colors Of Benetton Men Navy Blue Shirt,1
12265,Shirts,Genesis Men Stripes White Shirts,1
12321,Shirts,Genesis Blue Striped Formal Shirt,1
6779,Shirts,Timberland Men Claremont Popl Olive Shirt,1
8591,Shirts,Scullers Men Purple Check Shirt,1
19725,Shirts,United Colors Of Benetton Women Check Blue Shirt,1
8865,Shirts,Mark Taylor Men Purple Striped Shirt,1
18759,Shirts,Arrow Woman Aiyanna Blue Shirt,1
13760,Shirts,Belmonte Men Check Purple Shirts,1
58797,Shirts,Highlander Men Grey Melange Shirt,1
33488,Shirts,Doodle Kids Boy Check Purple Shirt,1
26059,Shirts,John Miller Men Gingham Black Shirt,1
7175,Shirts,Scullers Men Scul Black White Check Shirt,1
9879,Shirts,Indigo Nation Men Hot Stepper Blue Striped Shirt,1
20185,Shirts,Wrangler Men Tiny Pink Shirt,1
33060,Shirts,U.S. Polo Assn. Denim Co. Men Green & Blue Check Shirt,1
10598,Shirts,Flying Machine Women HS Blue Denim Shirt,1
44928,Shirts,Jack & Jones Men Red Check Shirt,1
9254,Shirts,Mark Taylor Men Solid White Shirts,1
31096,Shirts,Palm Tree Boys Check Green Shirt,1
13929,Shirts,United Colors of Benetton Men Solid Beige Shirts,1
5129,Shirts,Wrangler Women Rose Bouquet White Blue Shirt,1
12007,Shirts,Mark Taylor Men Purple Striped Shirt,1
30795,Shirts,Fabindia Men Striped Yellow Shirt,1
2168,Shirts,Probase Men Check Brown Shirt,1
56769,Shirts,Horsefly Men Navy Blue & Red Striped Shirt,1
31092,Shirts,Gini and Jony Boys Maroon Shirt,1
10255,Shirts,Locomotive Men Stripes Blue Shirts,1
37796,Shirts,John Players Men Check Blue Elegant Collection Shirt,1
44669,Shirts,Wills Lifestyle Women White Shirt,1
12941,Shirts,Basics Men Blue Slim Fit Striped Shirt,1
8774,Shirts,Indigo Nation Men Blue Check Shirt,1
26795,Shirts,Arrow Men Blue Shirt,1
12313,Shirts,Genesis Men Stripes Purple Shirts,1
12266,Shirts,Genesis Blue Formal Shirt,1
17559,Shirts,Mark Taylor Men Grey & White Striped Shirt,1
39734,Shirts,Arrow Woman Pink & Yellow Check Shirt,1
22407,Shirts,Mark Taylor Men Striped White Shirt,1
29632,Shirts,Indigo Nation Men Striped Purple Shirt,1
11054,Shirts,Scullers Men Check Blue Shirts,1
20032,Shirts,United Colors of Benetton Men Striped White Shirt,1
39698,Shirts,Spykar Men Ranger White Shirt,1
37782,Shirts,John Players Men White & Yellow Striped Shirt,1
46395,Shirts,ADIDAS Men Blue & White Check Shirt,1
24698,Shirts,Probase Men White Check Shirt,1
10188,Shirts,Indigo Nation Men   Blue & White Stripe Shirt,1
14048,Shirts,Flying Machine Men Check Navy Blue Shirts,1
40130,Shirts,Gini and Jony Boys Core White Shirt,1
37750,Shirts,John Players Men Blue Check Shirt,1
13895,Shirts,Spykar Men Stripes Yellow Shirts,1
20169,Shirts,Wrangler Men Thin Blue Shirt,1
9239,Shirts,Mark Taylor Men Green Striped Shirt,1
59452,Shirts,Arrow New York Men Blue Check Slim Fit Shirt,1
20130,Shirts,Wrangler Women Double Blue Shirt,1
26794,Shirts,Arrow Men Grey Shirt,1
30106,Shirts,Flying Machine Men Navy Blue Shirt,1
12253,Shirts,Genesis Pink Striped Formal Shirt,1
20318,Shirts,Mother Earth Men Solid Maroon Shirt,1
59296,Shirts,U.S. Polo Assn. Men White & Green Shirt,1
11166,Shirts,John Miller Men Solid Purple Shirt,1
12950,Shirts,Basics Men White Slim Fit Checked Shirt,1
51421,Shirts,Myntra Men Blue Check Shirt,1
25529,Shirts,Wrangler Men Griffith White Shirt,1
7166,Shirts,Scullers Men Scul Red White Shirt,1
37743,Shirts,John Players Men Stripes Grey Shirt,1
13518,Shirts,Probase Men Stripes Blue Shirts,1
9517,Shirts,John Miller Men white brown stripe White Shirts,1
12035,Shirts,Mark Taylor Men Red Striped Shirt,1
59874,Shirts,Femella Women Green Check Shirt,1
59832,Shirts,United Colors of Benetton Men Pink Shirt,1
13401,Shirts,United Colors of Benetton Men Check Red Shirts,1
26365,Shirts,Arrow Woman White Shirt,1
20172,Shirts,Wrangler Men Aoston Navy Blue Shirt,1
39781,Shirts,Peter England Men Striped White Formal Shirt,1
15983,Shirts,Turtle Solid Men  Burgundy Shirt,1
41594,Shirts,Basics Men Grey Striped Shirt,1
29701,Shirts,John Miller Men Check Black Shirt,1
8855,Shirts,Mark Taylor Men Orange Striped Shirt,1
16812,Shirts,Locomotive Men Check Blue Shirt,1
21156,Shirts,s.Oliver Women White Striped Shirt,1
30797,Shirts,Fabindia Men Hand Block Printed Black Shirt,1
6777,Shirts,Timberland Men Claremont Popl Brown Shirt,1
22384,Shirts,Mark Taylor Men Black & Blue Striped White Shirt,1
19826,Shirts,U.S. Polo Assn. Men Check Yellow Shirt,1
20369,Shirts,United Colors of Benetton Men Check Red Shirt,1
13757,Shirts,Belmonte Men Check Blue Shirts,1
10189,Shirts,Indigo Nation Men Hot Stepper Blue Shirts,1
16023,Shirts,Highlander Men Stripes Grey Slim Fit Shirt,1
24608,Shirts,Spykar Men Green Shirt,1
8775,Shirts,Indigo Nation Men Bwd Plaids Green Shirts,1
26123,Shirts,John Miller Men Striped Black Shirt,1
7156,Shirts,Scullers Men Black Check Shirt,1
41595,Shirts,Basics Men Brown Striped Shirt,1
12043,Shirts,Mark Taylor Men White & Blue Striped Shirt,1
10787,Shirts,Wrangler Men Galway Placket Label Check Shirt,1
27562,Shirts,Scullers Men Checked Purple Shirt,1
59304,Shirts,U.S. Polo Assn. Denim Co. Men Checks White Shirt,1
8587,Shirts,Scullers Men Red Check Shirt,1
33965,Shirts,Femella Women Blue Shirt,1
22378,Shirts,Mark Taylor Men Purple Striped White Shirt,1
5976,Shirts,Highlander Men White Red Checked Shirt,1
11455,Shirts,United Colors of Benetton Men Light Winters Black Shirts,1
18764,Shirts,Arrow Woman Ariella Purple Shirt,1
7140,Shirts,Scullers For Her Women Light Work Blue Check Shirts,1
13884,Shirts,Scullers Men Check Black Shirts,1
40934,Shirts,Gini and JonyBoys Around the World White Shirts,1
8180,Shirts,Locomotive Men Check Ladd Green Shirts,1
24525,Shirts,Mother Earth Men White Shirt,1
17164,Shirts,U.S. Polo Assn. Men Checks Blue Shirt,1
19184,Shirts,United Colors Of Benetton Men Red Check Shirt,1
8186,Shirts,Locomotive Men Check Lai Grey Shirts,1
14747,Shirts,Arrow Men Blue Striped Shirt,1
16052,Shirts,Highlander Men Stripes White Shirt,1
8805,Shirts,Scullers Men Scul White Black Shirt,1
9808,Shirts,John Miller Men Blue Checks Shirts,1
58808,Shirts,Highlander Men Blue Striped Shirt,1
31677,Shirts,Spykar Men Check White Shirt,1
9425,Shirts,John Miller Men Purple Fila-Fil Shirts,1
33057,Shirts,U.S. Polo Assn. Denim Co. Men Black Shirt,1
34040,Shirts,Gini and Jony Boys Check Red Shirt,1
11475,Shirts,United Colors of Benetton Women Light Winter Orange Shirts,1
22468,Shirts,Timberland Men White Claremont Plaid Shirt,1
22383,Shirts,Mark Taylor Men Red & Blue Striped White Shirt,1
13744,Shirts,Belmonte Men Solid Black Shirts,1
27557,Shirts,Scullers Men Blue Solid Shirt,1
18646,Shirts,United Colors of Benetton Men Stripes Purple Shirt,1
8163,Shirts,Highlander Men Red Checked Halden Slim Fit Shirt,1
40669,Shirts,Lee Women Navy Blue Printed Shirt,1
33247,Shirts,Arrow Men Grey Check Shirt,1
6708,Shirts,UCB Men Ben Logo At Chest Yellow Shirt,1
12662,Shirts,Probase Men Stripes White Shirts,1
20149,Shirts,Wrangler Men Stampede Green Shirt,1
12913,Shirts,Spykar Men Mandarin Collar White Shirts,1
13759,Shirts,Belmonte Men Solid Purple Shirts,1
16543,Shirts,Basics Men Red Slim Fit Striped Shirt,1
2095,Shirts,Lee Men Light Blue Shirt,1
18923,Shirts,Levis Women Work Western Red Shirt,1
34067,Shirts,Femella Women Printed Cream Shirt,1
30112,Shirts,Flying Machine Men Check Blue Shirt,1
9464,Shirts,John Miller Men  White Shirt,1
17551,Shirts,Mark Taylor Men Purple & White Striped Shirt,1
16810,Shirts,Locomotive Men Check Purple Shirt,1
14623,Shirts,United Colors of Benetton Men Check Grey Shirts,1
48360,Shirts,French Connection Men Navy Blue & White Check Shirt,1
16343,Shirts,Peter England Men Check Blue Shirt,1
8155,Shirts,Highlander Men Blue Checked Hahn Slim Fit Shirt,1
26057,Shirts,John Miller Men Check Purple Shirt,1
37724,Shirts,John Players Men Grey Striped Shirt,1
2103,Shirts,Lee Men Checks White Shirt,1
8154,Shirts,Highlander Men Red Checked Hagley Slim Fit Shirt,1
5964,Shirts,Locomotive Men Blue White Brown Checked Shirt,1
21164,Shirts,s.Oliver Women Check Blue Shirt,1
19842,Shirts,U.S. Polo Assn. Men Striped Red Shirt,1
17545,Shirts,Mark Taylor Men Brown & White Striped Shirt,1
23029,Shirts,Arrow Men Blue Striped Shirt,1
46351,Shirts,Locomotive Men White Shirt,1
38979,Shirts,Arrow Men Grey Check Shirt,1
40672,Shirts,Lee Women Blue Check Shirt,1
27880,Shirts,Scullers For Her Women White Printed Shirt,1
9631,Shirts,Indigo Nation Men Price catch Blue Shirts,1
10801,Shirts,Wrangler Men August Stripe Look Checks Blue Shirts,1
17561,Shirts,Mark Taylor Men Blue & White Striped Shirt,1
8944,Shirts,Indigo Nation Men Reversible Bling Blue Shirts,1
29609,Shirts,Indigo Nation Men Striped Red Shirt,1
12026,Shirts,Mark Taylor Men White Striped Shirt,1
5949,Shirts,Locomotive Men Bold Red White Checked Shirt,1
14736,Shirts,Arrow Men Solid White Shirts,1
15915,Shirts,Black Coffee Men Check Purple Slim Fit Shirt,1
14645,Shirts,Probase Men Wide Stripes Navy Blue Shirts,1
54981,Shirts,Femella Women Multi Coloured Shirt,1
9520,Shirts,John Miller Men Purple & White Check  Shirt,1
9061,Shirts,Mark Taylor Men White Striped Shirt,1
24853,Shirts,Mark Taylor Men Striped White Shirt,1
26376,Shirts,Turtle Men Blue Shirt,1
19701,Shirts,United Colors of Benetton Men Striped Blue Shirt,1
18195,Shirts,Highlander Men Check Blue Shirt,1
24526,Shirts,Mother Earth Men Maroon Shirt,1
53785,Shirts,Puma Men Navy Blue Shirt,1
13321,Shirts,Gini and Jony Kids Boys Stripes Pink Shirts,1
15982,Shirts,Turtle Stripes Men Grey Shirt,1
16403,Shirts,Levis Men Check Red Shirts,1
13730,Shirts,Belmonte Men Check Blue Shirts,1
17179,Shirts,U.S. Polo Assn. Men Solid White Shirt,1
31636,Shirts,Indigo Nation Men Striped Black Shirt,1
16027,Shirts,Highlander Men Check Blue Shirt,1
10435,Shirts,Flying Machine Men HS Red Shirts,1
5979,Shirts,Locomotive Men Black Stripe Shirt,1
28786,Shirts,Denizen Men Striped Grey Shirt,1
11117,Shirts,Indigo Nation Men Solid Grey Shirts,1
33787,Shirts,Van Heusen Men Brown Giza Cotton Shirt,1
2129,Shirts,Basics Men Green Slim Fit Checked Shirt,1
15259,Casual Shoes,ADIDAS Originals Women Top Ten low Sleek White Casual Shoes,2
25420,Casual Shoes,Nike Men Lite Force Black & White Shoes,2
54739,Casual Shoes,Vans Men Grey Del Norte Canvas Shoes,2
6497,Casual Shoes,Red Tape Men's Leather Brown Shoe,2
15502,Casual Shoes,Carlton London Women Casual Brown Casual Shoes,2
35465,Casual Shoes,Franco Leone Men Blue Shoes,2
26664,Casual Shoes,Puma Men Metamostro Black Shoes,2
38544,Casual Shoes,Puma Men Black Suede Archive Eco Shoes,2
7041,Casual Shoes,Numero Uno Black Men's Shoe,2
36476,Casual Shoes,Spinn Men Agile Black Shoes,2
35677,Casual Shoes,U.S. Polo Assn. Men Brown Leather Casual Shoes,2
17033,Casual Shoes,Gas Men Europa Casual Shoes,2
15512,Casual Shoes,Rockport Men Slatkin Brown Casual Shoes,2
44746,Casual Shoes,Globalite Men Olive Sparta Shoes,2
25452,Casual Shoes,Nike Men Prowl White Casual Shoes,2
46117,Casual Shoes,ADIDAS Unisex Red Neo Shell Comic Shoes,2
9130,Casual Shoes,Puma Men Osu NM Grey Casual Shoes,2
7267,Casual Shoes,Rockport Men Brown Leather Casual Shoes,2
44503,Casual Shoes,Gliders Women Grey & Orange Shoes,2
43878,Casual Shoes,Puma Men Brown Terrae Mid Africa Shoes,2
11816,Casual Shoes,Playboy Men Casual White Casual Shoes,2
38770,Casual Shoes,Woodland Men Olive Shoes,2
35660,Casual Shoes,U.S. Polo Assn. Men Black Shoes,2
23855,Casual Shoes,ADIDAS Men Yellow Color Blast Casual Shoes,2
21079,Casual Shoes,Clarks Men Supa Step Brown Casual Shoe,2
24302,Casual Shoes,Converse Unisex Blue Casual Shoes,2
4133,Casual Shoes,Skechers Men's Sparta White Shoe,2
32952,Casual Shoes,ADIDAS Neo Men Court Sequence Black Shoes,2
55785,Casual Shoes,Converse Men Navy Casual Shoes,2
13066,Casual Shoes,Numero Uno Men White Casual Shoes,2
20707,Casual Shoes,Buckaroo Men Melania Black Casual Shoes,2
20716,Casual Shoes,Red Tape Men Brown Leather Casual Shoes,2
35670,Casual Shoes,U.S. Polo Assn. Men Navy Blue Shoes,2
15220,Casual Shoes,ADIDAS Originals Men Adi T Tennis Brown Casual Shoes,2
22251,Casual Shoes,ID Men Black Casual Shoes,2
4019,Casual Shoes,ADIDAS Unisex Check Can MW Blue Shoe,2
30258,Casual Shoes,Red Tape Men Brown Shoes,2
11842,Casual Shoes,Playboy Men Casual Beige Casual Shoes,2
50753,Casual Shoes,Red Chief Men Mushroom Brown Shoes,2
11951,Casual Shoes,Ganuchi Men Blue Shoes,2
33689,Casual Shoes,Cobblerz Men White & Blue Casual Shoes,2
43379,Casual Shoes,Reebok Men White Mamba Casual Shoes,2
22819,Casual Shoes,Woodland Men Brown Casual Shoes,2
2540,Casual Shoes,Numero Uno Men's Casual Black Leatherette Shoe,2
22237,Casual Shoes,ID Men Red Shoes,2
35673,Casual Shoes,U.S. Polo Assn. Men Navy Blue Shoes,2
24254,Casual Shoes,Numero Uno Men White Casual Shoes,2
35531,Casual Shoes,Enroute Teens Girls Red Ballet Flats,2
21744,Casual Shoes,Vans Unisex Classic Slip-On Black Casual Shoe,2
59944,Casual Shoes,Vans Men Black & Cream Casual Shoes,2
49381,Casual Shoes,Vans Men Navy Blue Versa Casual Shoes,2
34747,Casual Shoes,Puma Women Soleil Cat White Shoes,2
22826,Casual Shoes,Woodland Men Brown Casual Shoes,2
3695,Casual Shoes,Lotto Men's Rio Velcro White Indigo Shoe,2
57521,Casual Shoes,Provogue Men Brown Casual Shoes,2
8210,Casual Shoes,Red Tape Men's Casual Brown Shoe,2
5429,Casual Shoes,Fila Men's Cruise Black Shoe,2
22828,Casual Shoes,Woodland Men Black Casual Shoes,2
6804,Casual Shoes,Timberland Men's Driver Venetian Brown Shoe,2
29573,Casual Shoes,Vans Men Edgemont Black Shoes,2
37256,Casual Shoes,United Colors of Benetton Men Black Shoes,2
22246,Casual Shoes,ID Men Green Casual Shoe,2
13360,Casual Shoes,Timberland Women Femmes Brown Boot,2
6448,Casual Shoes,Lotto Men's Calcetto Brown Shoe,2
56660,Casual Shoes,United Colors of Benetton Men Olive Shoes,2
39629,Casual Shoes,Nike Men Toki Premium Purple Casual Shoes,2
21569,Casual Shoes,Numero Uno Men Casual Black Shoes,2
38660,Casual Shoes,Nike Men Braata Canvas Red Casual Shoes,2
13538,Casual Shoes,Carlton London Men Casual Black Casual Shoes,2
35386,Casual Shoes,Enroute Teens Blue Shoes,2
15513,Casual Shoes,Rockport Men Utara L2T Brown Casual Shoes,2
10154,Casual Shoes,Rockport Men Bal Brown Casual Shoes,2
13484,Casual Shoes,Rocia Women Rocia White  Sandal White Shoes,2
3489,Casual Shoes,ADIDAS Men's Jawpaw Blue Shoe,2
45866,Casual Shoes,Numero Uno Men Black Shoes,2
38535,Casual Shoes,Puma Men White Benecio Shoes,2
57524,Casual Shoes,Provogue Men Black Casual Shoes,2
13077,Casual Shoes,Numero Uno Men White Casual Shoes,2
42274,Casual Shoes,Vans Unisex Black Era Shoes,2
17959,Casual Shoes,Puma Women Trinity White Casual Shoe,2
2388,Casual Shoes,Red Tape Men Brown Casual Shoe,2
43236,Casual Shoes,Reebok Men Black Varsity Casual Shoes,2
3658,Casual Shoes,Fila Men's Tribute Black Shoe,2
3564,Casual Shoes,Skechers Men Sage Brown Lifestyle Casual Shoe,2
35681,Casual Shoes,U.S. Polo Assn. Men Brown Shoes,2
54066,Casual Shoes,ADIDAS Men Olive Shoes,2
39593,Casual Shoes,Catwalk Women White Shoes,2
30237,Casual Shoes,Numero Uno Men Black Shoes,2
12507,Casual Shoes,Red Tape Men Casual Black Casual Shoes,2
3588,Casual Shoes,Converse Unisex All Star Canvas Ox Red Shoe,2
5898,Casual Shoes,Puma Men Tekkies Jam Blue Shoe,2
26659,Casual Shoes,Puma Men White Basics Shoes,2
17697,Casual Shoes,Vans Men Bali Grey Casual Shoes,2
30239,Casual Shoes,Numero Uno Men White Shoes,2
26629,Casual Shoes,Puma Kids Unisex Future Cat M2 Black Casual Shoes,2
9213,Casual Shoes,Puma Men Speeder Black Casual Shoes,2
19365,Casual Shoes,Redtape Men Calcullas Tan Casual Shoes,2
24717,Casual Shoes,Skechers Men Heisman Charcoal Casual Shoes,2
30259,Casual Shoes,Red Tape Men Navy Blue Shoes,2
28657,Casual Shoes,Nike Men Air Ralston Mid Lite Black Casual Shoes,2
18537,Casual Shoes,Puma Unisex Limnos Black Casual Shoes,2
57467,Casual Shoes,Puma Unisex 917 Lo CVS Navy Blue Shoes,2
13988,Casual Shoes,Puma Men Future Cat Remix Lo Navy Blue Casual Shoes,2
18405,Casual Shoes,Skechers Men USA Brown Shoe,2
46606,Casual Shoes,Catwalk Women Blue Shoes,2
34751,Casual Shoes,Puma Men Benecio Mid Leather Brown Shoes,2
57529,Casual Shoes,Provogue Men Brown Casual Shoes,2
56722,Casual Shoes,Converse Men Maroon Shoes,2
24690,Casual Shoes,Lee Cooper Men Casual Brown Shoes,2
13382,Casual Shoes,Timberland Women Femmes Brown Casual Shoes,2
26563,Casual Shoes,Lee Cooper Men Tan Shoes,2
42275,Casual Shoes,Vans Men Brown Michoacan Shoes,2
3644,Casual Shoes,Fila Men's Maverick HI Navy Green Canvas Shoe,2
35696,Casual Shoes,Nike Men Sweet Classic Leather White Shoes,2
3649,Casual Shoes,FILA Men Elite Black Casual Shoes,2
35392,Casual Shoes,Stens by Enroute Men Brown Shoes,2
6368,Casual Shoes,Numero Uno Men's Black Shoe,2
2495,Casual Shoes,Numero Uno Men's Casual White Black Stripe Shoe,2
46841,Casual Shoes,Barbie Girls Pink Shoes,2
14481,Casual Shoes,Flying Machine Men Beige Casual Shoes,2
10758,Casual Shoes,Disney Kids Girls Princess Heart Blue Casual Shoes,2
4282,Casual Shoes,Rockport Men Arratoon Brown Shoe,2
9387,Casual Shoes,Nike Women Wmns Nike Bac White Casual Shoes,2
23935,Casual Shoes,Lotto Men White Pesa Slip-On Casual Shoes,2
30233,Casual Shoes,Numero Uno Men White Shoes,2
26646,Casual Shoes,Puma Men Driving Power Black Shoes,2
59941,Casual Shoes,Vans Men Navy Blue Casual Shoes,2
12867,Casual Shoes,Lee Cooper Men Casual Black Shoes,2
12870,Casual Shoes,Lee Cooper MenCasual Black Shoes,2
16157,Casual Shoes,Enroute Men Leather Black Casual Shoes,2
44494,Casual Shoes,Gliders Men Blue Shoes,2
43380,Casual Shoes,Reebok Men White Mamba Casual Shoes,2
22164,Casual Shoes,Timberland Men Brown Casual Shoes,2
20700,Casual Shoes,Buckaroo Men  Fiesta Brown Casual Shoes,2
2822,Casual Shoes,Lee Cooper Men's Casual Felt Black Shoe,2
39970,Casual Shoes,Gas Men Red Cutback Shoes,2
34750,Casual Shoes,Puma Men Black Benecio Shoes,2
36465,Casual Shoes,Spinn Men Viking White Casual Shoes,2
50279,Casual Shoes,Arrow Men Navy Blue Shoes,2
39946,Casual Shoes,Gas Men Sahar Beige Shoes,2
22867,Casual Shoes,Woodland Men Brown Casual Shoes,2
22245,Casual Shoes,ID Men Brown Casual Shoes,2
22165,Casual Shoes,Timberland Men Brown Casual Shoes,2
29572,Casual Shoes,Vans Men Classic Slip-On Grey Shoes,2
13080,Casual Shoes,Numero Uno Men Black Casual Shoes,2
6431,Casual Shoes,Lotto Unisex Canvas Dark Navy Shoe,2
7365,Casual Shoes,Red Tape Men's Black Casual Shoe,2
4343,Casual Shoes,Fila Men Leonard Red Shoes,2
7379,Casual Shoes,Red Tape Men's Blk Casual Black Shoe,2
15508,Casual Shoes,Rockport Men Cape Noble Brown Casual Shoes,2
39968,Casual Shoes,Gas Men Brown Cutback Shoes,2
44739,Casual Shoes,Globalite Men Grey Starcross Shoes,2
37241,Casual Shoes,United Colors of Benetton Men Black Shoes,2
35848,Casual Shoes,Kelme Women Passion Blue Shoes,2
7710,Casual Shoes,Puma Men's Bluebird Blue Yellow Shoe,2
31942,Casual Shoes,Nike Women Sweet Classic Leather White Shoes,2
14560,Casual Shoes,Vans Men Era Black Casual Shoes,2
17766,Casual Shoes,Buckaroo Jefe Men Olive Casual Shoes,2
57520,Casual Shoes,Provogue Men Brown Casual Shoes,2
56655,Casual Shoes,United Colors of Benetton Men Blue Shoes,2
22160,Casual Shoes,Lee Cooper Men Black Casual Shoes,2
17704,Casual Shoes,Vans unisex Old Skool Red Casual Shoes,2
12423,Casual Shoes,Timberland Women Casual Brown Casual Shoes,2
39625,Casual Shoes,Nike Men Sweet Classic High Black Casual Shoes,2
31945,Casual Shoes,Nike Men Avid Black Shoes,2
39664,Casual Shoes,Lotto Men White Shoes,2
14283,Casual Shoes,Timberland Women Chauncy ox  Casual Shoe,2
49484,Casual Shoes,Vans Men Navy Blue Shoes,2
35818,Casual Shoes,Enroute Women Red Moccasins,2
12519,Casual Shoes,Red Tape Men Beige Shoes,2
12430,Casual Shoes,Timberland Men Casual Blue Casual Shoes,2
4853,Casual Shoes,Newfeel Unisex Black & Grey Shoes,2
22833,Casual Shoes,Woodland Men Olive Green Casual Shoes,2
17669,Casual Shoes,Catwalk Women Closed Blue Casual Shoe,2
17659,Casual Shoes,Catwalk Women Ballerina Brown Casual Shoe,2
57480,Casual Shoes,ID Men White & Navy Blue Casual Shoes,2
10266,Casual Shoes,Clarks Men Goto Hi Cola Suede Brown Shoes,2
7714,Casual Shoes,Fila Men's Wind Black Shoe,2
5320,Casual Shoes,Fila Men's Montello Grey Black Red Shoe,2
12510,Casual Shoes,Red Tape Men Casual Grey Casual Shoes,2
43874,Casual Shoes,Puma Men White Mid Ducati Shoes,2
15503,Casual Shoes,Carlton London Women Casual Black Casual Shoes,2
7040,Casual Shoes,Numero Uno Men's Navy Blue Shoe,2
34862,Casual Shoes,Vans Men Zapato Del Barco Grey Shoes,2
22167,Casual Shoes,Timberland Men Brown Casual Shoes,2
21741,Casual Shoes,Vans Unisex Authentic Lo Pro White Casual Shoes,2
47246,Casual Shoes,Playboy Men Green Casual Shoes,2
5699,Casual Shoes,Skechers Men's Striking Black Shoe,2
17747,Casual Shoes,Puma Men Track Cat Black Casual Shoe,2
4183,Casual Shoes,Rockport Men Brown Leather Casual Shoes,2
11819,Casual Shoes,Playboy Men Casual Blue Casual Shoes,2
17757,Casual Shoes,Buckaroo Men New Gemma Brown Casual Shoe,2
18474,Casual Shoes,Puma Men Calcetto White Casual Shoes,2
34088,Casual Shoes,Numero Uno Men White Shoes,2
33531,Casual Shoes,Cobblerz Women Black Loafers,2
10627,Casual Shoes,Carlton London Men Brown Slip-On Shoes,2
4068,Casual Shoes,Crocs Men's Tideline Canvas Khaki Shoe,2
22865,Casual Shoes,Woodland Men Khaki Casual Shoes,2
38524,Casual Shoes,Puma Men White Surge Shoes,2
34748,Casual Shoes,Puma Women Soleil Cat Black Shoes,2
24190,Casual Shoes,Converse Unisex Chuck Taylor White Casual Shoes,2
39687,Casual Shoes,Lotto Men White Casual Shoes,2
6799,Casual Shoes,Converse Unisex Yellow Canvas Shoe,2
22846,Casual Shoes,Woodland Men Khaki Casual Shoes,2
39274,Casual Shoes,Red Chief Men Tan Shoes,2
26561,Casual Shoes,Lee Cooper Men Black Shoes,2
46884,Casual Shoes,Ben 10 Boys Black Casual Shoes,2
23913,Casual Shoes,Fila Men Cicadeo Black Casual Shoes,2
20876,Casual Shoes,Skechers Men Casual Black Shoes,2
17768,Casual Shoes,Buckaroo Men New Amanda Brown Casual Shoe,2
46102,Casual Shoes,ADIDAS Men Green Lucent Shoes,2
4134,Casual Shoes,Skechers Men's Sparta Navy Black Shoe,2
36952,Casual Shoes,Force 10 Women White Shoes,2
39984,Casual Shoes,Gas Men Grey & Blue Tee Casual Shoes,2
47643,Casual Shoes,Carlton London Men Light Brown Loafers,2
26559,Casual Shoes,Lee Cooper Men Black Shoes,2
44937,Casual Shoes,Ganuchi Men Brown Shoes,2
3640,Casual Shoes,Fila Men's Universe HI Black Shoe,2
32727,Casual Shoes,Fila Unisex Skeletoes 2.0 Black Shoes,2
1546,Casual Shoes,Puma Men's Furore White Shoe,2
22840,Casual Shoes,Woodland Men Brown Casual Shoes,2
24188,Casual Shoes,Converse Unisex Chuck Taylor All Stars Red Casual Shoes,2
55783,Casual Shoes,Converse Men Brown Casual Shoes,2
6413,Casual Shoes,Lotto Unisex Canvas Pink Shoe,2
12897,Casual Shoes,Puma Men Game Point White Casual Shoes,2
22189,Casual Shoes,Timberland Men Brown Casual Shoes,2
49375,Casual Shoes,Vans Men Black Era Pro Shoes,2
49497,Casual Shoes,Vans Men Navy Blue Shoes,2
24259,Casual Shoes,Numero Uno Men Navy Blue Shoes,2
22177,Casual Shoes,Timberland Men Tan Casual Shoes,2
6410,Casual Shoes,Lotto Women Leisure White Blue Shoe,2
37243,Casual Shoes,United Colors of Benetton Men Brown Shoes,2
18478,Casual Shoes,Puma Men Yacht Lifevest Navy Casual Shoes,2
24482,Casual Shoes,Red Tape Men Black Casual Shoes,2
33846,Casual Shoes,Puma Men Future Cat Black Shoes,2
3790,Casual Shoes,Converse Men's AS Canvas HI Black Shoe,2
33768,Casual Shoes,ADIDAS Neo Men Utility Deck Tan Shoes,2
4132,Casual Shoes,Fila Men's Mustang Red Shoe,2
8909,Casual Shoes,Puma Unisex Benecio Leather Drip Indigo Blue Casual Shoes,2
13903,Casual Shoes,Nike Men Backboard White Casual Shoes,2
14482,Casual Shoes,Flying Machine Men Black Shoes,2
54742,Casual Shoes,Vans Men Brown Shoes,2
4455,Casual Shoes,ADIDAS Khaki Color Canvas Shoe,2
49420,Casual Shoes,Vans Men Blue 106 Vulcanized Shoes,2
12518,Casual Shoes,Red Tape Men Casual Brown Casual Shoes,2
35671,Casual Shoes,U.S. Polo Assn. Men Blue Boat Shoes,2
17963,Casual Shoes,Puma Women Trinity Black Casual Shoes,2
23679,Casual Shoes,Red Tape Men Mocassins Black Casual Shoes,2
13191,Casual Shoes,Puma Men Eco ortholite Green Casual Shoes,2
50751,Casual Shoes,Red Chief Men Mushroom Brown Shoes,2
24712,Casual Shoes,Puma Men Mid Bas Black Casual Shoes,2
15860,Casual Shoes,Warner Bros Kids Unisex SD Fire Canvas Navy Blue Casual Shoes,2
43881,Casual Shoes,Puma Men Black Bolt Lite Shoes,2
14577,Casual Shoes,Vans Men Sk8-Hi Black Casual Shoes,2
5321,Casual Shoes,Fila Men's Retro Red Casual Shoe,2
14576,Casual Shoes,Vans Men Half Cab Black Casual Shoes,2
11828,Casual Shoes,Playboy Men Casual Red Casual Shoes,2
12880,Casual Shoes,Provogue Men Casual Black Shoes,2
39301,Casual Shoes,Red Chief Men Brown Shoes,2
32496,Casual Shoes,Converse Men CT AS 08 3D HI Blue Shoes,2
20689,Casual Shoes,Buckaroo Men Mirar Brown Casual Shoes,2
26551,Casual Shoes,ID Men Black Shoes,2
5706,Casual Shoes,Skechers Men's Camaro Black Shoe,2
6445,Casual Shoes,Lotto Men's Calcetto Black Red Shoe,2
4076,Casual Shoes,Numero Uno Women Road Rage Red Shoe,2
21737,Casual Shoes,Vans Men TNT 5 Grey Casual Shoes,2
20868,Casual Shoes,Fila Men Stradd White Casual Shoes,2
37242,Casual Shoes,United Colors of Benetton Men Black Shoes,2
22158,Casual Shoes,Lee Cooper Men Brown Casual Shoes,2
22186,Casual Shoes,Timberland Men Brown Casual Shoes,2
15288,Casual Shoes,Fila Men Mercury Black Shoes,2
4136,Casual Shoes,Skechers Women Silver White Blue Shoe,2
5920,Casual Shoes,ADIDAS Women Daily White Purple Shoe,2
17692,Casual Shoes,Vans Men Rowley Style 99 S Red Casual Shoes,2
34790,Casual Shoes,Fila Men Cadillace Black Shoes,2
9033,Casual Shoes,Buckaroo Men Diana Red Shoes,2
5871,Casual Shoes,Converse Unisex Heck Ox Green White Shoe,2
18481,Casual Shoes,Puma Men Future Cat Blue Casual Shoes,2
13978,Casual Shoes,Puma Men Wirko White Casual Shoes,2
24299,Casual Shoes,Converse Unisex Grey CT Oxford Ox Casual Shoes,2
34563,Casual Shoes,Red Tape Men Black Shoes,2
10156,Casual Shoes,Rockport Men Sc Slip On Brown Casual Shoes,2
17693,Casual Shoes,Vans Men Classic Slip-On Black Casual Shoes,2
5900,Casual Shoes,Puma Men's Basket Team Mesh Grey Shoe,2
5682,Casual Shoes,Skechers Men's Transparent Brown Shoe,2
33707,Casual Shoes,Cobblerz Men Black Casual Shoes,2
4437,Casual Shoes,Converse Unisex Strips White Black Canvas Shoe,2
39969,Casual Shoes,GAS Men Grey Cutback Casual Shoes,2
22702,Casual Shoes,Nike Women Beige Dunk High Casual Shoes,2
29099,Casual Shoes,ADIDAS Men Agora Lea Grey Shoes,2
12864,Casual Shoes,Lee Cooper Men Casual Black Shoes,2
18473,Casual Shoes,Puma Men Calcetto Black Casual Shoes,2
24626,Casual Shoes,Converse Men Black Roll Down Shoes,2
46118,Casual Shoes,ADIDAS Unisex White Court Sequence Shoes,2
32194,Casual Shoes,ADIDAS Men Ohne White Shoes,2
15520,Casual Shoes,Rockport Men CV Wing Black Casual Shoes,2
23841,Casual Shoes,ADIDAS Men White Snipe Lo Casual Shoes,2
4025,Casual Shoes,ADIDAS Unisex High Can Red Black Shoe,2
17043,Casual Shoes,Gas Men Skate 003 Casual Shoe,2
14498,Casual Shoes,Flying Machine Men Casual Black Casual Shoes,2
18477,Casual Shoes,Puma Men Yacht Lifevest Red Casual Shoes,2
6370,Casual Shoes,Numero Uno Men's Red Black Shoe,2
56410,Casual Shoes,GAS Men Brown Casual Shoes,2
6491,Casual Shoes,Red Tape Men Brown Shoes,2
31554,Casual Shoes,Woodland Men Khaki Casual Shoes,2
5919,Casual Shoes,ADIDAS Women's Daily White Shoe,2
10306,Casual Shoes,Clarks Men Rocco Fuse Leather Grey Casual Shoes,2
12515,Casual Shoes,Red Tape Men Black Shoes,2
15307,Casual Shoes,ADIDAS Men Daroga Two 11 Lea Brown Casual Shoes,2
13385,Casual Shoes,Timberland Women Femmes Tan Casual Shoes,2
17684,Casual Shoes,Catwalk Women Ballerina Grey Casual Shoe,2
15258,Casual Shoes,ADIDAS Originals Women Concord Round Beige Casual Shoes,2
22912,Casual Shoes,Puma Women Future Cat Remix Black Shoes,2
7722,Casual Shoes,Fila Men's Nexus White Navy Blue Shoe,2
19369,Casual Shoes,Redtape Men Stone Wall Blue Casual Shoes,2
57479,Casual Shoes,ID Men Blue & Orange Casual Shoes,2
11820,Casual Shoes,Playboy Men Casual Green Casual Shoes,2
53735,Casual Shoes,Puma Men Brown Vintage Ferrari Shoes,2
2831,Casual Shoes,Lee Cooper Men's Casual Blue Canvas Shoe,2
5326,Casual Shoes,Fila Men's Fitness Hiker Brown Shoe,2
39735,Casual Shoes,Arrow Men Navy Blue Shoes,2
49061,Casual Shoes,Flying Machine Men Brown Shoes,2
39947,Casual Shoes,Gas Men Sahar Olive Shoes,2
17842,Casual Shoes,Nike Women Sweet Classic High Black Casual Shoe,2
6638,Casual Shoes,Nike Women Tenkay Slip Black Shoe,2
20679,Casual Shoes,Buckaroo Men Eva Black Casual Shoes,2
33112,Casual Shoes,Catwalk Women Black Casual Shoes,2
14555,Casual Shoes,Vans Men Old Skool Black Casual Shoes,2
28662,Casual Shoes,Nike Men Lunar Flow Black Casual Shoes,2
9208,Casual Shoes,Puma Men Ean-13 Black Casual Shoes,2
57937,Casual Shoes,Clarks Men Navy Blue Casual Shoes,2
44768,Casual Shoes,Globalite Men Black Macross Shoes,2
20892,Casual Shoes,Basics Men Black Casual Shoes,2
17828,Casual Shoes,Nike Men Air Max 1 White Casual Shoe,2
42273,Casual Shoes,Vans Unisex White Authentic Shoes,2
5911,Casual Shoes,ADIDAS Women's Daily Vulc White Shoe,2
35237,Casual Shoes,Fortune Men Black Casual Shoes,2
49352,Casual Shoes,Vans Men Black Larkin Shoes,2
36429,Casual Shoes,Spinn Men Brash White Shoes,2
17036,Casual Shoes,Gas Men Caddy Casual Shoe,2
44741,Casual Shoes,Globalite Men White Terra Shoes,2
35382,Casual Shoes,Enroute Boys Grey Casual Shoes,2
13130,Casual Shoes,Provogue Men Brown Casual Shoes,2
37249,Casual Shoes,United Colors of Benetton Men Brown Shoes,2
9097,Casual Shoes,Converse Unisex Ct AsAll Star 08 Hi Green Casual Shoes,2
23807,Casual Shoes,Puma Men Maroon Graphic Casual Shoes,2
59938,Casual Shoes,Vans Men Black Casual Shoes,2
38539,Casual Shoes,Puma Men Black California Casual Shoes,2
22184,Casual Shoes,Timberland Men Tan Casual Shoes,2
39663,Casual Shoes,Lotto Men Black Shoes,2
41212,Casual Shoes,Buckaroo Men Brown Casual Shoes,2
15238,Casual Shoes,ADIDAS Originals Men Goodyear Driver Vulc White Casual Shoes,2
3653,Casual Shoes,Fila Men's Exotic White Shoe,2
44770,Casual Shoes,Globalite Men Black Skid Shoes,2
3696,Casual Shoes,Lotto Men's Rio Velcro Black Shoe,2
18568,Casual Shoes,Puma Men Benecio Canvas White Casual Shoes,2
4340,Casual Shoes,Fila Men Phoenix Red Shoes,2
1649,Casual Shoes,Newfeel Unisex Comfy Cool Blue Shoe,2
15867,Casual Shoes,Warner Bros Kids Unisex SD Silly Shoe Silver Casual Shoes,2
34635,Casual Shoes,Lotto Men XD III Black Shoes,2
3228,Casual Shoes,Puma Women Sabadella Sequin Black Shoe,2
15494,Casual Shoes,Carlton London Women Casual Maroon Casual Shoes,2
36433,Casual Shoes,Spinn Men Conniver Black Shoes,2
46825,Casual Shoes,Catwalk Women Off-White and Blue Pumps,2
35683,Casual Shoes,U.S. Polo Assn. Men Black Shoes,2
2393,Casual Shoes,Red Tape Men's Semi Casual Shoe,2
4026,Casual Shoes,ADIDAS Men's Kestrel Black White Shoe,2
34858,Casual Shoes,Vans Men Classic Slip-On Grey Shoes,2
26643,Casual Shoes,Puma Men Driving Power Light Red Casual Shoes,2
5287,Casual Shoes,Lee Cooper Men's Brown Semi Formal Shoe,2
22178,Casual Shoes,Timberland Men Navy Blue Casual Shoes,2
38542,Casual Shoes,Puma Men Red Contest Hi Shoes,2
14496,Casual Shoes,Flying Machine Men Casual Grey Casual Shoes,2
13067,Casual Shoes,Numero Uno Men White Shoes,2
12874,Casual Shoes,Provogue Men Casual Black Casual Shoes,2
24662,Casual Shoes,Catwalk Women Black Flat Casual Shoes,2
13359,Casual Shoes,Timberland Men Juniors Beige Casual Shoes,2
14483,Casual Shoes,Flying Machine Men Casual Green Casual Shoes,2
17035,Casual Shoes,Gas Men Romance Casual Shoe,2
33845,Casual Shoes,Puma Men Future Cat White Shoes,2
23919,Casual Shoes,Fila Women Princess Black Casual Shoes,2
54513,Casual Shoes,F Sports Men Brown Rodeo Shoes,2
57942,Casual Shoes,Clarks Men Brown Shoes,2
23494,Casual Shoes,Fila Men Cameo White Casual Shoes,2
15225,Casual Shoes,ADIDAS Originals Men Superstar 11 White Casual Shoes,2
57492,Casual Shoes,Lee Cooper Men Brown Shoes,2
13726,Casual Shoes,ADIDAS Women Blue Adi light casual Shoe,2
3607,Casual Shoes,Converse Men's Chuck Taylor Print OX Black Canvas Shoe,2
39973,Casual Shoes,Gas Men Brown Lear Shoes,2
3646,Casual Shoes,Fila Men's Liga Black Orange Shoe,2
44421,Casual Shoes,Red Tape Men Leather Black Shoes,2
28316,Casual Shoes,Red Tape Men Black Shoes,2
34852,Casual Shoes,Vans Unisex Classic Slip-On Black Shoes,2
10771,Casual Shoes,Disney Kids Red Casual Shoes,2
40692,Casual Shoes,Numero Uno Men Navy Blue Shoes,2
9002,Casual Shoes,Puma Men 917Lo Riddim 50s oc Black Casual Shoes,2
1545,Casual Shoes,Puma Men's Speed Cat Shoe,2
15881,Casual Shoes,Warner Bros Kids Unisex TJ Stud Sandal Grey Casual Shoes,2
5931,Casual Shoes,ADIDAS Men's Derby White Shoe,2
6672,Casual Shoes,Nike Women Dunk Skinny White Red Shoe,2
13920,Casual Shoes,Nike Men Court Resonate Black Casual Shoes,2
28313,Casual Shoes,Red Tape Men Grey Shoes,2
24714,Casual Shoes,Puma Men Volley HP Brown Casual Shoes,2
38525,Casual Shoes,Puma Men Black Taisoku Casual Shoes,2
4123,Casual Shoes,Puma Unisex Lo Punk White Green Red Shoe,2
11818,Casual Shoes,Playboy Men Casual Black Casual Shoes,2
15267,Casual Shoes,ADIDAS Originals Women SL 72 Yellow Casual Shoes,2
54730,Casual Shoes,Vans Men Navy Blue Shoes,2
36415,Casual Shoes,Spinn Men Abzorb X Black Shoes,2
30262,Casual Shoes,Red Tape Men Brown Shoes,2
26636,Casual Shoes,Puma Men Future Cat White Shoes,2
6725,Casual Shoes,Puma Unisex Scrunch Grey Shoe,2
39267,Casual Shoes,Red Chief Men Beige Shoes,2
38547,Casual Shoes,Puma Men Grey Madison Classic Shoes,2
26537,Casual Shoes,ID Men Blue Shoes,2
10631,Casual Shoes,Carlton London Men CL semi-cas Black Casual Shoes,2
15515,Casual Shoes,Rockport Men Utara L2T Grey Casual Shoes,2
22101,Casual Shoes,Flying Machine Men Grey Casual Shoes,2
22704,Casual Shoes,Nike Men Capri II Mid White Casual Shoes,2
13116,Casual Shoes,Numero Uno Men Black Shoes,2
31687,Casual Shoes,Nike Women Sweet Classic Leather White Shoes,2
26459,Casual Shoes,Puma Women Trinity White Checked Canvas Shoes,2
3249,Casual Shoes,Puma Women Sneakerina Black Shoe,2
24186,Casual Shoes,Converse Men Black & Maroon Oxford Casual Shoes,2
42268,Casual Shoes,Vans Women Red Authentic Shoes,2
6637,Casual Shoes,Nike Women's Tenkay Slip Red Shoe,2
44778,Casual Shoes,Lotto Men Grey Skateboard Shoes,2
31551,Casual Shoes,Woodland Men Brown Casual Shoes,2
9125,Casual Shoes,Puma Men Cell Pavo White Casual Shoes,2
7717,Casual Shoes,Puma Women Soleil Stud White Shadow Purple Shoe,2
15884,Casual Shoes,Warner Bros Kids Unisex TJ Chase Casual Brown Casual Shoes,2
49496,Casual Shoes,Vans Men Grey Shoes,2
6661,Casual Shoes,Nike Men's Classic Leather Black Shoe,2
34641,Casual Shoes,Lotto Men Stadio Potenza White Shoes,2
39644,Casual Shoes,Lotto Men White Shoes,2
9386,Casual Shoes,Nike Women Black Shoes,2
49480,Casual Shoes,Vans Men Black Casual Shoes,2
7754,Casual Shoes,Fila Men's Agony Black Red Shoe,2
39658,Casual Shoes,Lotto Men Black Shoes,2
40468,Casual Shoes,Fila Men Rockford Black Shoes,2
49364,Casual Shoes,Vans Men Black Pritchard Shoes,2
41450,Casual Shoes,Lee Cooper Men White Shoes,2
21736,Casual Shoes,Vans Men Chukka Low Grey Casual Shoes,2
13986,Casual Shoes,Puma Men D Force Lo SF White Casual Shoes,2
33111,Casual Shoes,Catwalk Women Yellow Casual Shoes,2
7046,Casual Shoes,Numero Uno Men's Beige Shoe,2
3596,Casual Shoes,Converse Men's Chuck Taylor Digital Print Ox Black Canvas Shoe,2
18483,Casual Shoes,Puma Women Soleil Cat Black Casual Shoes,2
24256,Casual Shoes,Numero Uno Men Green Casual Shoes,2
36131,Casual Shoes,Nike Men Dunk High Maroon Shoes,2
32949,Casual Shoes,ADIDAS Neo Men Derby White Shoes,2
24251,Casual Shoes,Numero Uno Men Black Casual Shoes,2
6440,Casual Shoes,Lotto Men's Calcetto Black Brown Shoe,2
13087,Casual Shoes,Timberland Unisex Casual Brown Casual Shoes,2
14488,Casual Shoes,Flying Machine Men Casual Black Casual Shoes,2
4856,Casual Shoes,Newfeel Unisex Black Casual Shoes,2
3657,Casual Shoes,Fila Men Emotion Red Shoe,2
15260,Casual Shoes,ADIDAS Originals Women Rekapi Black Casual Shoes,2
22721,Casual Shoes,Nike Men Brown Flyclave LTR Casual Shoe,2
4436,Casual Shoes,Converse Unisex Cyclone Black Canvas Shoe,2
22830,Casual Shoes,Woodland Men Green Casual Shoes,2
51756,Casual Shoes,Catwalk Women Blue Shoes,2
26666,Casual Shoes,Puma Women Black & Green Shoes,2
7401,Casual Shoes,Red Tape Men Brown Casual Shoes,2
17484,Casual Shoes,Enroute Men Casual Tan Casual Shoe,2
40453,Casual Shoes,Red Tape Men Black Shoes,2
2506,Casual Shoes,Numero Uno Men's Casual Brown Shoe,2
59329,Casual Shoes,Gliders Unisex Zoro Shoes,2
18415,Casual Shoes,Skechers Men USA Brown Shoe,2
57513,Casual Shoes,Provogue Men Brown Casual Shoes,2
18673,Casual Shoes,Fila Men Sterling Black Shoes,2
6427,Casual Shoes,Lotto Unisex Canvas Purple Shoe,2
20889,Casual Shoes,Basics Men Grey Casual Shoes,2
11955,Casual Shoes,Ganuchi Men Casual Blue Casual Shoes,2
4184,Casual Shoes,Rockport Men D2N Desert Boot Dark Brown Shoe,2
5939,Casual Shoes,ADIDAS Women's Agashae White Shoe,2
11958,Casual Shoes,Ganuchi Men Casual Black Casual Shoes,2
10630,Casual Shoes,Carlton London Men Casual Navy Blue Casual Shoes,2
47241,Casual Shoes,Playboy Men Blue  Casual Shoes,2
33770,Casual Shoes,ADIDAS Men Court Sequence Brown Shoes,2
3557,Casual Shoes,Skechers Men Black Lifestyle Casual Shoes,2
14284,Casual Shoes,Timberland Kids-Boys Asphlttrl Ek Chk Dk Casual Shoe,2
10162,Casual Shoes,Puma Men 917 Lo Paint Splatter White Casual Shoes,2
23908,Casual Shoes,Fila Men Vendata Black Casual Shoes,2
26669,Casual Shoes,Puma Men Rebound White Shoes,2
17981,Casual Shoes,Puma Unisex Red Hip Hop Shoes,2
13065,Casual Shoes,Numero Uno Men Black Casual Shoes,2
22104,Casual Shoes,Flying Machine Men Blue Casual Shoes,2
46883,Casual Shoes,Ben 10 Boys Black & Silver Shoes,2
14505,Casual Shoes,Flying Machine Men Casual Black Casual Shoes,2
50750,Casual Shoes,Red Chief Men Brown Shoes,2
46098,Casual Shoes,ADIDAS Men  light Olive Sheridan Shoes,2
40459,Casual Shoes,Red Tape Men Grey Shoes,2
17667,Casual Shoes,Catwalk Women Buckel Black Casual Shoe,2
26651,Casual Shoes,Puma Men Royal Evo Black & Red Shoes,2
17769,Casual Shoes,Buckaroo Men Meztli Brown Casual Shoe,2
34541,Casual Shoes,Red Tape Men Navy Blue Shoes,2
10755,Casual Shoes,Disney Kids Princess Heart Pink Casual Shoes,2
6433,Casual Shoes,Lotto Men's Canvas Blue Shoe,2
7716,Casual Shoes,Fila Men's Turbo Black Red Shoe,2
